"","count","gene","sample","ind","time","region","APA","strained"
"1",5,"pkmz","1","a","AM","CA1","control","fmr1"
"2",3,"pkmz","1","a","AM","CA1","control","fmr1"
"3",4,"pkmz","1","a","AM","CA1","control","fmr1"
"4",3,"pkmz","2","a wt","AM","CA1","trained","wt"
"5",3,"pkmz","2","a wt","AM","CA1","trained","wt"
"6",4,"pkmz","2","a wt","AM","CA1","trained","wt"
"7",0,"pkmz","3","aa","AM","CA1","homecage","fmr1"
"8",0,"pkmz","3","aa","AM","CA1","homecage","fmr1"
"9",0,"pkmz","3","aa","AM","CA1","homecage","fmr1"
"10",2,"pkmz","4","ab","AM","CA1","control","wt"
"11",2,"pkmz","4","ab","AM","CA1","control","wt"
"12",1,"pkmz","4","ab","AM","CA1","control","wt"
"13",3,"pkmz","5","b ","AM","CA1","trained","fmr1"
"14",5,"pkmz","5","b ","AM","CA1","trained","fmr1"
"15",1,"pkmz","5","b ","AM","CA1","trained","fmr1"
"16",2,"pkmz","6","bb","AM","CA1","homecage","wt"
"17",1,"pkmz","6","bb","AM","CA1","homecage","wt"
"18",4,"pkmz","6","bb","AM","CA1","homecage","wt"
"19",26,"pkmz","7","c","AM","CA1","trained","fmr1"
"20",25,"pkmz","7","c","AM","CA1","trained","fmr1"
"21",24,"pkmz","7","c","AM","CA1","trained","fmr1"
"22",6,"pkmz","8","e","AM","CA1","control","fmr1"
"23",8,"pkmz","8","e","AM","CA1","control","fmr1"
"24",14,"pkmz","8","e","AM","CA1","control","fmr1"
"25",7,"pkmz","9","f","AM","CA1","trained","fmr1"
"26",5,"pkmz","9","f","AM","CA1","trained","fmr1"
"27",2,"pkmz","9","f","AM","CA1","trained","fmr1"
"28",0,"pkmz","10","g","AM","CA1","control","fmr1"
"29",0,"pkmz","10","g","AM","CA1","control","fmr1"
"30",0,"pkmz","10","g","AM","CA1","control","fmr1"
"31",3,"pkmz","11","h","AM","CA1","trained","fmr1"
"32",4,"pkmz","11","h","AM","CA1","trained","fmr1"
"33",3,"pkmz","11","h","AM","CA1","trained","fmr1"
"34",10,"pkmz","12","i","AM","CA1","control","fmr1"
"35",9,"pkmz","12","i","AM","CA1","control","fmr1"
"36",12,"pkmz","12","i","AM","CA1","control","fmr1"
"37",0,"pkmz","13","j","AM","CA1","trained","fmr1"
"38",2,"pkmz","13","j","AM","CA1","trained","fmr1"
"39",0,"pkmz","13","j","AM","CA1","trained","fmr1"
"41",6,"pkmz","14","k","AM","CA1","control","fmr1"
"42",6,"pkmz","14","k","AM","CA1","control","fmr1"
"43",12,"pkmz","15","l","AM","CA1","homecage","fmr1"
"44",14,"pkmz","15","l","AM","CA1","homecage","fmr1"
"45",14,"pkmz","15","l","AM","CA1","homecage","fmr1"
"46",14,"pkmz","16","m","AM","CA1","homecage","fmr1"
"47",12,"pkmz","16","m","AM","CA1","homecage","fmr1"
"48",14,"pkmz","16","m","AM","CA1","homecage","fmr1"
"49",5,"pkmz","17","n","AM","CA1","homecage","fmr1"
"50",7,"pkmz","17","n","AM","CA1","homecage","fmr1"
"51",5,"pkmz","17","n","AM","CA1","homecage","fmr1"
"52",2,"pkmz","18","BL 9","AM","CA3","trained","wt"
"53",0,"pkmz","18","BL 9","AM","CA3","trained","wt"
"54",2,"pkmz","18","BL 9","AM","CA3","trained","wt"
"55",6,"pkmz","19","BL 8","AM","CA3","control","wt"
"56",5,"pkmz","19","BL 8","AM","CA3","control","wt"
"57",4,"pkmz","19","BL 8","AM","CA3","control","wt"
"58",7,"pkmz","20","BL 14","AM","CA3","control","wt"
"59",8,"pkmz","20","BL 14","AM","CA3","control","wt"
"60",5,"pkmz","20","BL 14","AM","CA3","control","wt"
"61",9,"pkmz","21","BL 4","AM","CA3","control","wt"
"62",10,"pkmz","21","BL 4","AM","CA3","control","wt"
"63",9,"pkmz","21","BL 4","AM","CA3","control","wt"
"64",4,"pkmz","22","BL 19","PM","CA3","trained","wt"
"65",6,"pkmz","22","BL 19","PM","CA3","trained","wt"
"66",10,"pkmz","22","BL 19","PM","CA3","trained","wt"
"67",5,"pkmz","23","BL 6","AM","CA3","control","wt"
"68",6,"pkmz","23","BL 6","AM","CA3","control","wt"
"69",2,"pkmz","23","BL 6","AM","CA3","control","wt"
"70",10,"pkmz","24","BL 18","AM","CA3","control","wt"
"71",3,"pkmz","24","BL 18","AM","CA3","control","wt"
"72",3,"pkmz","24","BL 18","AM","CA3","control","wt"
"73",0,"pkmz","25","BL 11","AM","CA3","trained","wt"
"74",12,"pkmz","25","BL 11","AM","CA3","trained","wt"
"75",3,"pkmz","25","BL 11","AM","CA3","trained","wt"
"76",9,"pkmz","26","BL 3","AM","CA3","trained","wt"
"77",0,"pkmz","26","BL 3","AM","CA3","trained","wt"
"78",11,"pkmz","26","BL 3","AM","CA3","trained","wt"
"79",5,"pkmz","27","BL 5","AM","CA3","trained","wt"
"80",8,"pkmz","27","BL 5","AM","CA3","trained","wt"
"81",3,"pkmz","27","BL 5","AM","CA3","trained","wt"
"82",2,"pkmz","28","BL 13","PM","CA3","trained","wt"
"83",3,"pkmz","28","BL 13","PM","CA3","trained","wt"
"84",11,"pkmz","28","BL 13","PM","CA3","trained","wt"
"85",5,"pkmz","29","BL 10","PM","CA3","control","wt"
"86",8,"pkmz","29","BL 10","PM","CA3","control","wt"
"87",8,"pkmz","29","BL 10","PM","CA3","control","wt"
"88",2,"pkmz","30","BL 12","AM","CA3","control","wt"
"89",2,"pkmz","30","BL 12","AM","CA3","control","wt"
"90",9,"pkmz","30","BL 12","AM","CA3","control","wt"
"91",67,"pkmz","31","BL 15","PM","CA3","trained","wt"
"92",49,"pkmz","31","BL 15","PM","CA3","trained","wt"
"93",67,"pkmz","31","BL 15","PM","CA3","trained","wt"
"94",36,"pkmz","32","BL 7","AM","CA3","trained","wt"
"95",40,"pkmz","32","BL 7","AM","CA3","trained","wt"
"96",52,"pkmz","32","BL 7","AM","CA3","trained","wt"
"97",1,"pkmz","33","BL 1","AM","CA3","trained","wt"
"98",8,"pkmz","33","BL 1","AM","CA3","trained","wt"
"99",2,"pkmz","33","BL 1","AM","CA3","trained","wt"
"100",5,"pkmz","34","BL 2","AM","CA3","trained","wt"
"101",4,"pkmz","34","BL 2","AM","CA3","trained","wt"
"102",4,"pkmz","34","BL 2","AM","CA3","trained","wt"
"103",4,"grim","1","a","AM","CA1","control","fmr1"
"104",4,"grim","1","a","AM","CA1","control","fmr1"
"106",3,"grim","2","a wt","AM","CA1","trained","wt"
"107",9,"grim","2","a wt","AM","CA1","trained","wt"
"108",8,"grim","2","a wt","AM","CA1","trained","wt"
"109",2,"grim","3","aa","AM","CA1","homecage","fmr1"
"110",0,"grim","3","aa","AM","CA1","homecage","fmr1"
"111",1,"grim","3","aa","AM","CA1","homecage","fmr1"
"112",4,"grim","4","ab","AM","CA1","control","wt"
"113",4,"grim","4","ab","AM","CA1","control","wt"
"114",5,"grim","4","ab","AM","CA1","control","wt"
"115",12,"grim","5","b ","AM","CA1","trained","fmr1"
"116",15,"grim","5","b ","AM","CA1","trained","fmr1"
"117",10,"grim","5","b ","AM","CA1","trained","fmr1"
"118",6,"grim","6","bb","AM","CA1","homecage","wt"
"119",6,"grim","6","bb","AM","CA1","homecage","wt"
"121",23,"grim","7","c","AM","CA1","trained","fmr1"
"122",26,"grim","7","c","AM","CA1","trained","fmr1"
"123",24,"grim","7","c","AM","CA1","trained","fmr1"
"124",6,"grim","8","e","AM","CA1","control","fmr1"
"125",9,"grim","8","e","AM","CA1","control","fmr1"
"126",6,"grim","8","e","AM","CA1","control","fmr1"
"127",4,"grim","9","f","AM","CA1","trained","fmr1"
"128",6,"grim","9","f","AM","CA1","trained","fmr1"
"129",6,"grim","9","f","AM","CA1","trained","fmr1"
"130",0,"grim","10","g","AM","CA1","control","fmr1"
"131",0,"grim","10","g","AM","CA1","control","fmr1"
"133",2,"grim","11","h","AM","CA1","trained","fmr1"
"134",5,"grim","11","h","AM","CA1","trained","fmr1"
"135",3,"grim","11","h","AM","CA1","trained","fmr1"
"136",6,"grim","12","i","AM","CA1","control","fmr1"
"137",10,"grim","12","i","AM","CA1","control","fmr1"
"138",5,"grim","12","i","AM","CA1","control","fmr1"
"139",0,"grim","13","j","AM","CA1","trained","fmr1"
"140",2,"grim","13","j","AM","CA1","trained","fmr1"
"141",0,"grim","13","j","AM","CA1","trained","fmr1"
"142",3,"grim","14","k","AM","CA1","control","fmr1"
"143",9,"grim","14","k","AM","CA1","control","fmr1"
"144",6,"grim","14","k","AM","CA1","control","fmr1"
"145",9,"grim","15","l","AM","CA1","homecage","fmr1"
"146",10,"grim","15","l","AM","CA1","homecage","fmr1"
"147",7,"grim","15","l","AM","CA1","homecage","fmr1"
"148",9,"grim","16","m","AM","CA1","homecage","fmr1"
"149",6,"grim","16","m","AM","CA1","homecage","fmr1"
"150",13,"grim","16","m","AM","CA1","homecage","fmr1"
"151",8,"grim","17","n","AM","CA1","homecage","fmr1"
"152",4,"grim","17","n","AM","CA1","homecage","fmr1"
"153",6,"grim","17","n","AM","CA1","homecage","fmr1"
"154",1,"grim","18","BL 9","AM","CA3","trained","wt"
"155",1,"grim","18","BL 9","AM","CA3","trained","wt"
"156",1,"grim","18","BL 9","AM","CA3","trained","wt"
"157",5,"grim","19","BL 8","AM","CA3","control","wt"
"158",6,"grim","19","BL 8","AM","CA3","control","wt"
"159",3,"grim","19","BL 8","AM","CA3","control","wt"
"160",5,"grim","20","BL 14","AM","CA3","control","wt"
"161",5,"grim","20","BL 14","AM","CA3","control","wt"
"162",3,"grim","20","BL 14","AM","CA3","control","wt"
"163",1,"grim","21","BL 4","AM","CA3","control","wt"
"164",1,"grim","21","BL 4","AM","CA3","control","wt"
"165",2,"grim","21","BL 4","AM","CA3","control","wt"
"166",2,"grim","22","BL 19","PM","CA3","trained","wt"
"167",4,"grim","22","BL 19","PM","CA3","trained","wt"
"168",5,"grim","22","BL 19","PM","CA3","trained","wt"
"169",3,"grim","23","BL 6","AM","CA3","control","wt"
"170",0,"grim","23","BL 6","AM","CA3","control","wt"
"171",2,"grim","23","BL 6","AM","CA3","control","wt"
"172",2,"grim","24","BL 18","AM","CA3","control","wt"
"173",2,"grim","24","BL 18","AM","CA3","control","wt"
"174",1,"grim","24","BL 18","AM","CA3","control","wt"
"175",2,"grim","25","BL 11","AM","CA3","trained","wt"
"176",1,"grim","25","BL 11","AM","CA3","trained","wt"
"177",3,"grim","25","BL 11","AM","CA3","trained","wt"
"178",0,"grim","26","BL 3","AM","CA3","trained","wt"
"179",0,"grim","26","BL 3","AM","CA3","trained","wt"
"180",2,"grim","26","BL 3","AM","CA3","trained","wt"
"181",2,"grim","27","BL 5","AM","CA3","trained","wt"
"182",2,"grim","27","BL 5","AM","CA3","trained","wt"
"183",3,"grim","27","BL 5","AM","CA3","trained","wt"
"185",1,"grim","28","BL 13","PM","CA3","trained","wt"
"186",1,"grim","28","BL 13","PM","CA3","trained","wt"
"187",2,"grim","29","BL 10","PM","CA3","control","wt"
"188",4,"grim","29","BL 10","PM","CA3","control","wt"
"189",1,"grim","29","BL 10","PM","CA3","control","wt"
"190",0,"grim","30","BL 12","AM","CA3","control","wt"
"191",2,"grim","30","BL 12","AM","CA3","control","wt"
"192",1,"grim","30","BL 12","AM","CA3","control","wt"
"193",18,"grim","31","BL 15","PM","CA3","trained","wt"
"194",16,"grim","31","BL 15","PM","CA3","trained","wt"
"195",17,"grim","31","BL 15","PM","CA3","trained","wt"
"196",12,"grim","32","BL 7","AM","CA3","trained","wt"
"197",12,"grim","32","BL 7","AM","CA3","trained","wt"
"198",11,"grim","32","BL 7","AM","CA3","trained","wt"
"199",0,"grim","33","BL 1","AM","CA3","trained","wt"
"200",0,"grim","33","BL 1","AM","CA3","trained","wt"
"201",1,"grim","33","BL 1","AM","CA3","trained","wt"
"202",0,"grim","34","BL 2","AM","CA3","trained","wt"
"203",0,"grim","34","BL 2","AM","CA3","trained","wt"
"204",0,"grim","34","BL 2","AM","CA3","trained","wt"
"205",2082,"rpl19","1","a","AM","CA1","control","fmr1"
"206",1987,"rpl19","1","a","AM","CA1","control","fmr1"
"207",1968,"rpl19","1","a","AM","CA1","control","fmr1"
"208",1227,"rpl19","2","a wt","AM","CA1","trained","wt"
"209",1209,"rpl19","2","a wt","AM","CA1","trained","wt"
"210",1157,"rpl19","2","a wt","AM","CA1","trained","wt"
"211",493,"rpl19","3","aa","AM","CA1","homecage","fmr1"
"212",472,"rpl19","3","aa","AM","CA1","homecage","fmr1"
"213",458,"rpl19","3","aa","AM","CA1","homecage","fmr1"
"214",1157,"rpl19","4","ab","AM","CA1","control","wt"
"215",1122,"rpl19","4","ab","AM","CA1","control","wt"
"216",1107,"rpl19","4","ab","AM","CA1","control","wt"
"217",1611,"rpl19","5","b ","AM","CA1","trained","fmr1"
"218",1533,"rpl19","5","b ","AM","CA1","trained","fmr1"
"219",1380,"rpl19","5","b ","AM","CA1","trained","fmr1"
"220",2481,"rpl19","6","bb","AM","CA1","homecage","wt"
"221",2272,"rpl19","6","bb","AM","CA1","homecage","wt"
"222",2259,"rpl19","6","bb","AM","CA1","homecage","wt"
"223",21912,"rpl19","7","c","AM","CA1","trained","fmr1"
"224",19612,"rpl19","7","c","AM","CA1","trained","fmr1"
"226",5690,"rpl19","8","e","AM","CA1","control","fmr1"
"227",5404,"rpl19","8","e","AM","CA1","control","fmr1"
"228",5391,"rpl19","8","e","AM","CA1","control","fmr1"
"229",714,"rpl19","9","f","AM","CA1","trained","fmr1"
"230",696,"rpl19","9","f","AM","CA1","trained","fmr1"
"231",642,"rpl19","9","f","AM","CA1","trained","fmr1"
"232",182,"rpl19","10","g","AM","CA1","control","fmr1"
"233",180,"rpl19","10","g","AM","CA1","control","fmr1"
"234",162,"rpl19","10","g","AM","CA1","control","fmr1"
"235",2515,"rpl19","11","h","AM","CA1","trained","fmr1"
"236",2488,"rpl19","11","h","AM","CA1","trained","fmr1"
"237",2343,"rpl19","11","h","AM","CA1","trained","fmr1"
"238",1988,"rpl19","12","i","AM","CA1","control","fmr1"
"239",1944,"rpl19","12","i","AM","CA1","control","fmr1"
"240",1898,"rpl19","12","i","AM","CA1","control","fmr1"
"241",1252,"rpl19","13","j","AM","CA1","trained","fmr1"
"242",1214,"rpl19","13","j","AM","CA1","trained","fmr1"
"243",1196,"rpl19","13","j","AM","CA1","trained","fmr1"
"244",3018,"rpl19","14","k","AM","CA1","control","fmr1"
"245",3018,"rpl19","14","k","AM","CA1","control","fmr1"
"246",2677,"rpl19","14","k","AM","CA1","control","fmr1"
"247",14675,"rpl19","15","l","AM","CA1","homecage","fmr1"
"248",14359,"rpl19","15","l","AM","CA1","homecage","fmr1"
"249",14069,"rpl19","15","l","AM","CA1","homecage","fmr1"
"250",15731,"rpl19","16","m","AM","CA1","homecage","fmr1"
"251",14932,"rpl19","16","m","AM","CA1","homecage","fmr1"
"252",13880,"rpl19","16","m","AM","CA1","homecage","fmr1"
"253",3070,"rpl19","17","n","AM","CA1","homecage","fmr1"
"254",2740,"rpl19","17","n","AM","CA1","homecage","fmr1"
"255",2726,"rpl19","17","n","AM","CA1","homecage","fmr1"
"256",6,"rpl19","18","BL 9","AM","CA3","trained","wt"
"257",4,"rpl19","18","BL 9","AM","CA3","trained","wt"
"258",3,"rpl19","18","BL 9","AM","CA3","trained","wt"
"259",16,"rpl19","19","BL 8","AM","CA3","control","wt"
"260",12,"rpl19","19","BL 8","AM","CA3","control","wt"
"261",12,"rpl19","19","BL 8","AM","CA3","control","wt"
"262",17,"rpl19","20","BL 14","AM","CA3","control","wt"
"263",21,"rpl19","20","BL 14","AM","CA3","control","wt"
"264",15,"rpl19","20","BL 14","AM","CA3","control","wt"
"265",15,"rpl19","21","BL 4","AM","CA3","control","wt"
"266",13,"rpl19","21","BL 4","AM","CA3","control","wt"
"267",15,"rpl19","21","BL 4","AM","CA3","control","wt"
"268",15,"rpl19","22","BL 19","PM","CA3","trained","wt"
"269",8,"rpl19","22","BL 19","PM","CA3","trained","wt"
"270",10,"rpl19","22","BL 19","PM","CA3","trained","wt"
"271",7,"rpl19","23","BL 6","AM","CA3","control","wt"
"272",10,"rpl19","23","BL 6","AM","CA3","control","wt"
"273",13,"rpl19","23","BL 6","AM","CA3","control","wt"
"274",6,"rpl19","24","BL 18","AM","CA3","control","wt"
"275",7,"rpl19","24","BL 18","AM","CA3","control","wt"
"276",8,"rpl19","24","BL 18","AM","CA3","control","wt"
"277",17,"rpl19","25","BL 11","AM","CA3","trained","wt"
"278",17,"rpl19","25","BL 11","AM","CA3","trained","wt"
"279",16,"rpl19","25","BL 11","AM","CA3","trained","wt"
"280",3,"rpl19","26","BL 3","AM","CA3","trained","wt"
"281",4,"rpl19","26","BL 3","AM","CA3","trained","wt"
"282",10,"rpl19","26","BL 3","AM","CA3","trained","wt"
"283",6,"rpl19","27","BL 5","AM","CA3","trained","wt"
"284",3,"rpl19","27","BL 5","AM","CA3","trained","wt"
"285",9,"rpl19","27","BL 5","AM","CA3","trained","wt"
"286",2,"rpl19","28","BL 13","PM","CA3","trained","wt"
"287",5,"rpl19","28","BL 13","PM","CA3","trained","wt"
"288",1,"rpl19","28","BL 13","PM","CA3","trained","wt"
"289",8,"rpl19","29","BL 10","PM","CA3","control","wt"
"290",4,"rpl19","29","BL 10","PM","CA3","control","wt"
"291",12,"rpl19","29","BL 10","PM","CA3","control","wt"
"292",4,"rpl19","30","BL 12","AM","CA3","control","wt"
"293",5,"rpl19","30","BL 12","AM","CA3","control","wt"
"294",4,"rpl19","30","BL 12","AM","CA3","control","wt"
"295",39,"rpl19","31","BL 15","PM","CA3","trained","wt"
"296",38,"rpl19","31","BL 15","PM","CA3","trained","wt"
"297",31,"rpl19","31","BL 15","PM","CA3","trained","wt"
"298",20,"rpl19","32","BL 7","AM","CA3","trained","wt"
"299",32,"rpl19","32","BL 7","AM","CA3","trained","wt"
"300",25,"rpl19","32","BL 7","AM","CA3","trained","wt"
"301",14,"rpl19","33","BL 1","AM","CA3","trained","wt"
"302",15,"rpl19","33","BL 1","AM","CA3","trained","wt"
"303",14,"rpl19","33","BL 1","AM","CA3","trained","wt"
"304",16,"rpl19","34","BL 2","AM","CA3","trained","wt"
"305",18,"rpl19","34","BL 2","AM","CA3","trained","wt"
"306",10,"rpl19","34","BL 2","AM","CA3","trained","wt"
"307",83,"rRNA18S","1","a","AM","CA1","control","fmr1"
"308",77,"rRNA18S","1","a","AM","CA1","control","fmr1"
"309",68,"rRNA18S","1","a","AM","CA1","control","fmr1"
"310",140,"rRNA18S","2","a wt","AM","CA1","trained","wt"
"311",119,"rRNA18S","2","a wt","AM","CA1","trained","wt"
"312",106,"rRNA18S","2","a wt","AM","CA1","trained","wt"
"313",19,"rRNA18S","3","aa","AM","CA1","homecage","fmr1"
"314",19,"rRNA18S","3","aa","AM","CA1","homecage","fmr1"
"315",16,"rRNA18S","3","aa","AM","CA1","homecage","fmr1"
"316",55,"rRNA18S","4","ab","AM","CA1","control","wt"
"317",54,"rRNA18S","4","ab","AM","CA1","control","wt"
"318",53,"rRNA18S","4","ab","AM","CA1","control","wt"
"319",120,"rRNA18S","5","b ","AM","CA1","trained","fmr1"
"320",107,"rRNA18S","5","b ","AM","CA1","trained","fmr1"
"321",77,"rRNA18S","5","b ","AM","CA1","trained","fmr1"
"322",60,"rRNA18S","6","bb","AM","CA1","homecage","wt"
"323",53,"rRNA18S","6","bb","AM","CA1","homecage","wt"
"324",47,"rRNA18S","6","bb","AM","CA1","homecage","wt"
"325",382,"rRNA18S","7","c","AM","CA1","trained","fmr1"
"326",302,"rRNA18S","7","c","AM","CA1","trained","fmr1"
"327",258,"rRNA18S","7","c","AM","CA1","trained","fmr1"
"328",134,"rRNA18S","8","e","AM","CA1","control","fmr1"
"329",118,"rRNA18S","8","e","AM","CA1","control","fmr1"
"330",116,"rRNA18S","8","e","AM","CA1","control","fmr1"
"331",120,"rRNA18S","9","f","AM","CA1","trained","fmr1"
"332",111,"rRNA18S","9","f","AM","CA1","trained","fmr1"
"333",92,"rRNA18S","9","f","AM","CA1","trained","fmr1"
"334",18,"rRNA18S","10","g","AM","CA1","control","fmr1"
"335",12,"rRNA18S","10","g","AM","CA1","control","fmr1"
"336",9,"rRNA18S","10","g","AM","CA1","control","fmr1"
"337",74,"rRNA18S","11","h","AM","CA1","trained","fmr1"
"338",68,"rRNA18S","11","h","AM","CA1","trained","fmr1"
"339",61,"rRNA18S","11","h","AM","CA1","trained","fmr1"
"340",564,"rRNA18S","12","i","AM","CA1","control","fmr1"
"341",518,"rRNA18S","12","i","AM","CA1","control","fmr1"
"342",467,"rRNA18S","12","i","AM","CA1","control","fmr1"
"343",42,"rRNA18S","13","j","AM","CA1","trained","fmr1"
"344",36,"rRNA18S","13","j","AM","CA1","trained","fmr1"
"345",35,"rRNA18S","13","j","AM","CA1","trained","fmr1"
"346",168,"rRNA18S","14","k","AM","CA1","control","fmr1"
"347",137,"rRNA18S","14","k","AM","CA1","control","fmr1"
"348",110,"rRNA18S","14","k","AM","CA1","control","fmr1"
"349",242,"rRNA18S","15","l","AM","CA1","homecage","fmr1"
"350",240,"rRNA18S","15","l","AM","CA1","homecage","fmr1"
"351",235,"rRNA18S","15","l","AM","CA1","homecage","fmr1"
"352",257,"rRNA18S","16","m","AM","CA1","homecage","fmr1"
"353",225,"rRNA18S","16","m","AM","CA1","homecage","fmr1"
"354",220,"rRNA18S","16","m","AM","CA1","homecage","fmr1"
"355",152,"rRNA18S","17","n","AM","CA1","homecage","fmr1"
"356",150,"rRNA18S","17","n","AM","CA1","homecage","fmr1"
"357",145,"rRNA18S","17","n","AM","CA1","homecage","fmr1"
"358",419,"rRNA18S","18","BL 9","AM","CA3","trained","wt"
"359",406,"rRNA18S","18","BL 9","AM","CA3","trained","wt"
"360",430,"rRNA18S","18","BL 9","AM","CA3","trained","wt"
"361",968,"rRNA18S","19","BL 8","AM","CA3","control","wt"
"362",947,"rRNA18S","19","BL 8","AM","CA3","control","wt"
"363",1106,"rRNA18S","19","BL 8","AM","CA3","control","wt"
"364",2106,"rRNA18S","20","BL 14","AM","CA3","control","wt"
"365",2591,"rRNA18S","20","BL 14","AM","CA3","control","wt"
"366",2070,"rRNA18S","20","BL 14","AM","CA3","control","wt"
"367",3161,"rRNA18S","21","BL 4","AM","CA3","control","wt"
"368",3043,"rRNA18S","21","BL 4","AM","CA3","control","wt"
"369",3260,"rRNA18S","21","BL 4","AM","CA3","control","wt"
"370",1353,"rRNA18S","22","BL 19","PM","CA3","trained","wt"
"371",1169,"rRNA18S","22","BL 19","PM","CA3","trained","wt"
"372",1236,"rRNA18S","22","BL 19","PM","CA3","trained","wt"
"373",1134,"rRNA18S","23","BL 6","AM","CA3","control","wt"
"374",1204,"rRNA18S","23","BL 6","AM","CA3","control","wt"
"375",1236,"rRNA18S","23","BL 6","AM","CA3","control","wt"
"376",1429,"rRNA18S","24","BL 18","AM","CA3","control","wt"
"377",1380,"rRNA18S","24","BL 18","AM","CA3","control","wt"
"378",1332,"rRNA18S","24","BL 18","AM","CA3","control","wt"
"379",1581,"rRNA18S","25","BL 11","AM","CA3","trained","wt"
"380",1558,"rRNA18S","25","BL 11","AM","CA3","trained","wt"
"381",1339,"rRNA18S","25","BL 11","AM","CA3","trained","wt"
"382",661,"rRNA18S","26","BL 3","AM","CA3","trained","wt"
"383",612,"rRNA18S","26","BL 3","AM","CA3","trained","wt"
"384",602,"rRNA18S","26","BL 3","AM","CA3","trained","wt"
"385",1253,"rRNA18S","27","BL 5","AM","CA3","trained","wt"
"386",1164,"rRNA18S","27","BL 5","AM","CA3","trained","wt"
"387",1196,"rRNA18S","27","BL 5","AM","CA3","trained","wt"
"388",547,"rRNA18S","28","BL 13","PM","CA3","trained","wt"
"389",507,"rRNA18S","28","BL 13","PM","CA3","trained","wt"
"390",494,"rRNA18S","28","BL 13","PM","CA3","trained","wt"
"391",626,"rRNA18S","29","BL 10","PM","CA3","control","wt"
"392",593,"rRNA18S","29","BL 10","PM","CA3","control","wt"
"393",635,"rRNA18S","29","BL 10","PM","CA3","control","wt"
"394",409,"rRNA18S","30","BL 12","AM","CA3","control","wt"
"395",379,"rRNA18S","30","BL 12","AM","CA3","control","wt"
"396",389,"rRNA18S","30","BL 12","AM","CA3","control","wt"
"397",6668,"rRNA18S","31","BL 15","PM","CA3","trained","wt"
"398",6658,"rRNA18S","31","BL 15","PM","CA3","trained","wt"
"399",6939,"rRNA18S","31","BL 15","PM","CA3","trained","wt"
"400",3266,"rRNA18S","32","BL 7","AM","CA3","trained","wt"
"401",3140,"rRNA18S","32","BL 7","AM","CA3","trained","wt"
"402",3311,"rRNA18S","32","BL 7","AM","CA3","trained","wt"
"403",10090,"rRNA18S","33","BL 1","AM","CA3","trained","wt"
"404",11751,"rRNA18S","33","BL 1","AM","CA3","trained","wt"
"405",9722,"rRNA18S","33","BL 1","AM","CA3","trained","wt"
"406",9442,"rRNA18S","34","BL 2","AM","CA3","trained","wt"
"407",8769,"rRNA18S","34","BL 2","AM","CA3","trained","wt"
"408",9601,"rRNA18S","34","BL 2","AM","CA3","trained","wt"
"409",4,"fmr1","1","a","AM","CA1","control","fmr1"
"410",3,"fmr1","1","a","AM","CA1","control","fmr1"
"411",4,"fmr1","1","a","AM","CA1","control","fmr1"
"412",4,"fmr1","2","a wt","AM","CA1","trained","wt"
"413",4,"fmr1","2","a wt","AM","CA1","trained","wt"
"414",3,"fmr1","2","a wt","AM","CA1","trained","wt"
"415",3,"fmr1","3","aa","AM","CA1","homecage","fmr1"
"416",0,"fmr1","3","aa","AM","CA1","homecage","fmr1"
"417",0,"fmr1","3","aa","AM","CA1","homecage","fmr1"
"418",2,"fmr1","4","ab","AM","CA1","control","wt"
"419",1,"fmr1","4","ab","AM","CA1","control","wt"
"420",3,"fmr1","4","ab","AM","CA1","control","wt"
"421",5,"fmr1","5","b ","AM","CA1","trained","fmr1"
"422",0,"fmr1","5","b ","AM","CA1","trained","fmr1"
"423",2,"fmr1","5","b ","AM","CA1","trained","fmr1"
"424",2,"fmr1","6","bb","AM","CA1","homecage","wt"
"425",0,"fmr1","6","bb","AM","CA1","homecage","wt"
"426",1,"fmr1","6","bb","AM","CA1","homecage","wt"
"427",9,"fmr1","7","c","AM","CA1","trained","fmr1"
"428",13,"fmr1","7","c","AM","CA1","trained","fmr1"
"429",19,"fmr1","7","c","AM","CA1","trained","fmr1"
"430",0,"fmr1","8","e","AM","CA1","control","fmr1"
"431",2,"fmr1","8","e","AM","CA1","control","fmr1"
"432",4,"fmr1","8","e","AM","CA1","control","fmr1"
"433",0,"fmr1","9","f","AM","CA1","trained","fmr1"
"434",0,"fmr1","9","f","AM","CA1","trained","fmr1"
"435",0,"fmr1","9","f","AM","CA1","trained","fmr1"
"436",0,"fmr1","10","g","AM","CA1","control","fmr1"
"437",0,"fmr1","10","g","AM","CA1","control","fmr1"
"438",0,"fmr1","10","g","AM","CA1","control","fmr1"
"439",0,"fmr1","11","h","AM","CA1","trained","fmr1"
"441",3,"fmr1","11","h","AM","CA1","trained","fmr1"
"442",3,"fmr1","12","i","AM","CA1","control","fmr1"
"443",2,"fmr1","12","i","AM","CA1","control","fmr1"
"444",0,"fmr1","12","i","AM","CA1","control","fmr1"
"445",0,"fmr1","13","j","AM","CA1","trained","fmr1"
"446",0,"fmr1","13","j","AM","CA1","trained","fmr1"
"447",0,"fmr1","13","j","AM","CA1","trained","fmr1"
"448",2,"fmr1","14","k","AM","CA1","control","fmr1"
"449",4,"fmr1","14","k","AM","CA1","control","fmr1"
"450",0,"fmr1","14","k","AM","CA1","control","fmr1"
"451",4,"fmr1","15","l","AM","CA1","homecage","fmr1"
"452",4,"fmr1","15","l","AM","CA1","homecage","fmr1"
"453",1,"fmr1","15","l","AM","CA1","homecage","fmr1"
"454",5,"fmr1","16","m","AM","CA1","homecage","fmr1"
"455",4,"fmr1","16","m","AM","CA1","homecage","fmr1"
"456",5,"fmr1","16","m","AM","CA1","homecage","fmr1"
"457",2,"fmr1","17","n","AM","CA1","homecage","fmr1"
"458",2,"fmr1","17","n","AM","CA1","homecage","fmr1"
"459",3,"fmr1","17","n","AM","CA1","homecage","fmr1"
"463",1,"fmr1","19","BL 8","AM","CA3","control","wt"
"464",1,"fmr1","19","BL 8","AM","CA3","control","wt"
"465",0,"fmr1","19","BL 8","AM","CA3","control","wt"
"466",3,"fmr1","20","BL 14","AM","CA3","control","wt"
"467",4,"fmr1","20","BL 14","AM","CA3","control","wt"
"468",0,"fmr1","20","BL 14","AM","CA3","control","wt"
"469",1,"fmr1","21","BL 4","AM","CA3","control","wt"
"470",1,"fmr1","21","BL 4","AM","CA3","control","wt"
"471",0,"fmr1","21","BL 4","AM","CA3","control","wt"
"472",1,"fmr1","22","BL 19","PM","CA3","trained","wt"
"473",0,"fmr1","22","BL 19","PM","CA3","trained","wt"
"474",0,"fmr1","22","BL 19","PM","CA3","trained","wt"
"475",0,"fmr1","23","BL 6","AM","CA3","control","wt"
"476",0,"fmr1","23","BL 6","AM","CA3","control","wt"
"477",0,"fmr1","23","BL 6","AM","CA3","control","wt"
"478",1,"fmr1","24","BL 18","AM","CA3","control","wt"
"479",0,"fmr1","24","BL 18","AM","CA3","control","wt"
"480",0,"fmr1","24","BL 18","AM","CA3","control","wt"
"481",1,"fmr1","25","BL 11","AM","CA3","trained","wt"
"482",0,"fmr1","25","BL 11","AM","CA3","trained","wt"
"483",0,"fmr1","25","BL 11","AM","CA3","trained","wt"
"484",3,"fmr1","26","BL 3","AM","CA3","trained","wt"
"485",0,"fmr1","26","BL 3","AM","CA3","trained","wt"
"486",0,"fmr1","26","BL 3","AM","CA3","trained","wt"
"487",1,"fmr1","27","BL 5","AM","CA3","trained","wt"
"488",0,"fmr1","27","BL 5","AM","CA3","trained","wt"
"489",0,"fmr1","27","BL 5","AM","CA3","trained","wt"
"493",3,"fmr1","29","BL 10","PM","CA3","control","wt"
"494",1,"fmr1","29","BL 10","PM","CA3","control","wt"
"495",0,"fmr1","29","BL 10","PM","CA3","control","wt"
"499",9,"fmr1","31","BL 15","PM","CA3","trained","wt"
"500",10,"fmr1","31","BL 15","PM","CA3","trained","wt"
"501",0,"fmr1","31","BL 15","PM","CA3","trained","wt"
"502",3,"fmr1","32","BL 7","AM","CA3","trained","wt"
"503",4,"fmr1","32","BL 7","AM","CA3","trained","wt"
"504",0,"fmr1","32","BL 7","AM","CA3","trained","wt"
"511",15,"dlg4","1","a","AM","CA1","control","fmr1"
"512",17,"dlg4","1","a","AM","CA1","control","fmr1"
"513",9,"dlg4","1","a","AM","CA1","control","fmr1"
"514",23,"dlg4","2","a wt","AM","CA1","trained","wt"
"515",13,"dlg4","2","a wt","AM","CA1","trained","wt"
"516",11,"dlg4","2","a wt","AM","CA1","trained","wt"
"517",3,"dlg4","3","aa","AM","CA1","homecage","fmr1"
"518",2,"dlg4","3","aa","AM","CA1","homecage","fmr1"
"519",2,"dlg4","3","aa","AM","CA1","homecage","fmr1"
"520",8,"dlg4","4","ab","AM","CA1","control","wt"
"521",7,"dlg4","4","ab","AM","CA1","control","wt"
"522",3,"dlg4","4","ab","AM","CA1","control","wt"
"523",24,"dlg4","5","b ","AM","CA1","trained","fmr1"
"524",24,"dlg4","5","b ","AM","CA1","trained","fmr1"
"525",23,"dlg4","5","b ","AM","CA1","trained","fmr1"
"526",7,"dlg4","6","bb","AM","CA1","homecage","wt"
"527",7,"dlg4","6","bb","AM","CA1","homecage","wt"
"528",4,"dlg4","6","bb","AM","CA1","homecage","wt"
"529",62,"dlg4","7","c","AM","CA1","trained","fmr1"
"530",35,"dlg4","7","c","AM","CA1","trained","fmr1"
"531",24,"dlg4","7","c","AM","CA1","trained","fmr1"
"532",21,"dlg4","8","e","AM","CA1","control","fmr1"
"533",16,"dlg4","8","e","AM","CA1","control","fmr1"
"534",10,"dlg4","8","e","AM","CA1","control","fmr1"
"535",22,"dlg4","9","f","AM","CA1","trained","fmr1"
"536",21,"dlg4","9","f","AM","CA1","trained","fmr1"
"537",11,"dlg4","9","f","AM","CA1","trained","fmr1"
"538",2,"dlg4","10","g","AM","CA1","control","fmr1"
"539",0,"dlg4","10","g","AM","CA1","control","fmr1"
"540",0,"dlg4","10","g","AM","CA1","control","fmr1"
"541",10,"dlg4","11","h","AM","CA1","trained","fmr1"
"542",11,"dlg4","11","h","AM","CA1","trained","fmr1"
"543",5,"dlg4","11","h","AM","CA1","trained","fmr1"
"544",29,"dlg4","12","i","AM","CA1","control","fmr1"
"545",20,"dlg4","12","i","AM","CA1","control","fmr1"
"546",10,"dlg4","12","i","AM","CA1","control","fmr1"
"547",6,"dlg4","13","j","AM","CA1","trained","fmr1"
"548",6,"dlg4","13","j","AM","CA1","trained","fmr1"
"550",19,"dlg4","14","k","AM","CA1","control","fmr1"
"551",16,"dlg4","14","k","AM","CA1","control","fmr1"
"552",15,"dlg4","14","k","AM","CA1","control","fmr1"
"553",40,"dlg4","15","l","AM","CA1","homecage","fmr1"
"554",34,"dlg4","15","l","AM","CA1","homecage","fmr1"
"555",49,"dlg4","15","l","AM","CA1","homecage","fmr1"
"556",54,"dlg4","16","m","AM","CA1","homecage","fmr1"
"557",38,"dlg4","16","m","AM","CA1","homecage","fmr1"
"558",18,"dlg4","16","m","AM","CA1","homecage","fmr1"
"559",30,"dlg4","17","n","AM","CA1","homecage","fmr1"
"560",32,"dlg4","17","n","AM","CA1","homecage","fmr1"
"561",24,"dlg4","17","n","AM","CA1","homecage","fmr1"
"562",4,"dlg4","18","BL 9","AM","CA3","trained","wt"
"563",6,"dlg4","18","BL 9","AM","CA3","trained","wt"
"564",2,"dlg4","18","BL 9","AM","CA3","trained","wt"
"565",12,"dlg4","19","BL 8","AM","CA3","control","wt"
"566",9,"dlg4","19","BL 8","AM","CA3","control","wt"
"567",9,"dlg4","19","BL 8","AM","CA3","control","wt"
"568",18,"dlg4","20","BL 14","AM","CA3","control","wt"
"569",19,"dlg4","20","BL 14","AM","CA3","control","wt"
"570",8,"dlg4","20","BL 14","AM","CA3","control","wt"
"571",10,"dlg4","21","BL 4","AM","CA3","control","wt"
"572",6,"dlg4","21","BL 4","AM","CA3","control","wt"
"573",7,"dlg4","21","BL 4","AM","CA3","control","wt"
"574",6,"dlg4","22","BL 19","PM","CA3","trained","wt"
"575",5,"dlg4","22","BL 19","PM","CA3","trained","wt"
"576",7,"dlg4","22","BL 19","PM","CA3","trained","wt"
"577",7,"dlg4","23","BL 6","AM","CA3","control","wt"
"578",4,"dlg4","23","BL 6","AM","CA3","control","wt"
"579",9,"dlg4","23","BL 6","AM","CA3","control","wt"
"580",8,"dlg4","24","BL 18","AM","CA3","control","wt"
"581",6,"dlg4","24","BL 18","AM","CA3","control","wt"
"582",10,"dlg4","24","BL 18","AM","CA3","control","wt"
"583",8,"dlg4","25","BL 11","AM","CA3","trained","wt"
"584",4,"dlg4","25","BL 11","AM","CA3","trained","wt"
"585",4,"dlg4","25","BL 11","AM","CA3","trained","wt"
"586",9,"dlg4","26","BL 3","AM","CA3","trained","wt"
"587",7,"dlg4","26","BL 3","AM","CA3","trained","wt"
"588",8,"dlg4","26","BL 3","AM","CA3","trained","wt"
"589",19,"dlg4","27","BL 5","AM","CA3","trained","wt"
"590",5,"dlg4","27","BL 5","AM","CA3","trained","wt"
"591",7,"dlg4","27","BL 5","AM","CA3","trained","wt"
"592",3,"dlg4","28","BL 13","PM","CA3","trained","wt"
"593",5,"dlg4","28","BL 13","PM","CA3","trained","wt"
"594",4,"dlg4","28","BL 13","PM","CA3","trained","wt"
"595",8,"dlg4","29","BL 10","PM","CA3","control","wt"
"596",12,"dlg4","29","BL 10","PM","CA3","control","wt"
"597",12,"dlg4","29","BL 10","PM","CA3","control","wt"
"598",3,"dlg4","30","BL 12","AM","CA3","control","wt"
"599",2,"dlg4","30","BL 12","AM","CA3","control","wt"
"600",4,"dlg4","30","BL 12","AM","CA3","control","wt"
"601",73,"dlg4","31","BL 15","PM","CA3","trained","wt"
"602",54,"dlg4","31","BL 15","PM","CA3","trained","wt"
"603",71,"dlg4","31","BL 15","PM","CA3","trained","wt"
"604",27,"dlg4","32","BL 7","AM","CA3","trained","wt"
"605",37,"dlg4","32","BL 7","AM","CA3","trained","wt"
"606",38,"dlg4","32","BL 7","AM","CA3","trained","wt"
"607",5,"dlg4","33","BL 1","AM","CA3","trained","wt"
"608",4,"dlg4","33","BL 1","AM","CA3","trained","wt"
"609",1,"dlg4","33","BL 1","AM","CA3","trained","wt"
"610",5,"dlg4","34","BL 2","AM","CA3","trained","wt"
"611",2,"dlg4","34","BL 2","AM","CA3","trained","wt"
"612",3,"dlg4","34","BL 2","AM","CA3","trained","wt"
"613",3,"fos","1","a","AM","CA1","control","fmr1"
"614",5,"fos","1","a","AM","CA1","control","fmr1"
"615",4,"fos","1","a","AM","CA1","control","fmr1"
"616",2,"fos","2","a wt","AM","CA1","trained","wt"
"617",4,"fos","2","a wt","AM","CA1","trained","wt"
"618",2,"fos","2","a wt","AM","CA1","trained","wt"
"619",0,"fos","3","aa","AM","CA1","homecage","fmr1"
"620",0,"fos","3","aa","AM","CA1","homecage","fmr1"
"621",0,"fos","3","aa","AM","CA1","homecage","fmr1"
"622",3,"fos","4","ab","AM","CA1","control","wt"
"623",1,"fos","4","ab","AM","CA1","control","wt"
"624",3,"fos","4","ab","AM","CA1","control","wt"
"625",16,"fos","5","b ","AM","CA1","trained","fmr1"
"626",11,"fos","5","b ","AM","CA1","trained","fmr1"
"627",6,"fos","5","b ","AM","CA1","trained","fmr1"
"628",0,"fos","6","bb","AM","CA1","homecage","wt"
"629",0,"fos","6","bb","AM","CA1","homecage","wt"
"630",2,"fos","6","bb","AM","CA1","homecage","wt"
"631",20,"fos","7","c","AM","CA1","trained","fmr1"
"632",23,"fos","7","c","AM","CA1","trained","fmr1"
"633",32,"fos","7","c","AM","CA1","trained","fmr1"
"634",6,"fos","8","e","AM","CA1","control","fmr1"
"635",11,"fos","8","e","AM","CA1","control","fmr1"
"636",8,"fos","8","e","AM","CA1","control","fmr1"
"637",13,"fos","9","f","AM","CA1","trained","fmr1"
"638",10,"fos","9","f","AM","CA1","trained","fmr1"
"639",9,"fos","9","f","AM","CA1","trained","fmr1"
"640",0,"fos","10","g","AM","CA1","control","fmr1"
"641",0,"fos","10","g","AM","CA1","control","fmr1"
"642",2,"fos","10","g","AM","CA1","control","fmr1"
"643",2,"fos","11","h","AM","CA1","trained","fmr1"
"644",1,"fos","11","h","AM","CA1","trained","fmr1"
"645",0,"fos","11","h","AM","CA1","trained","fmr1"
"646",17,"fos","12","i","AM","CA1","control","fmr1"
"647",14,"fos","12","i","AM","CA1","control","fmr1"
"648",16,"fos","12","i","AM","CA1","control","fmr1"
"649",2,"fos","13","j","AM","CA1","trained","fmr1"
"650",0,"fos","13","j","AM","CA1","trained","fmr1"
"651",2,"fos","13","j","AM","CA1","trained","fmr1"
"652",4,"fos","14","k","AM","CA1","control","fmr1"
"653",7,"fos","14","k","AM","CA1","control","fmr1"
"654",3,"fos","14","k","AM","CA1","control","fmr1"
"655",17,"fos","15","l","AM","CA1","homecage","fmr1"
"656",13,"fos","15","l","AM","CA1","homecage","fmr1"
"657",10,"fos","15","l","AM","CA1","homecage","fmr1"
"658",11,"fos","16","m","AM","CA1","homecage","fmr1"
"659",15,"fos","16","m","AM","CA1","homecage","fmr1"
"660",16,"fos","16","m","AM","CA1","homecage","fmr1"
"661",8,"fos","17","n","AM","CA1","homecage","fmr1"
"662",6,"fos","17","n","AM","CA1","homecage","fmr1"
"663",6,"fos","17","n","AM","CA1","homecage","fmr1"
"664",0,"fos","18","BL 9","AM","CA3","trained","wt"
"665",0,"fos","18","BL 9","AM","CA3","trained","wt"
"666",0,"fos","18","BL 9","AM","CA3","trained","wt"
"667",0,"fos","19","BL 8","AM","CA3","control","wt"
"668",0,"fos","19","BL 8","AM","CA3","control","wt"
"669",0,"fos","19","BL 8","AM","CA3","control","wt"
"670",3,"fos","20","BL 14","AM","CA3","control","wt"
"671",1,"fos","20","BL 14","AM","CA3","control","wt"
"672",1,"fos","20","BL 14","AM","CA3","control","wt"
"673",2,"fos","21","BL 4","AM","CA3","control","wt"
"675",0,"fos","21","BL 4","AM","CA3","control","wt"
"676",2,"fos","22","BL 19","PM","CA3","trained","wt"
"677",1,"fos","22","BL 19","PM","CA3","trained","wt"
"678",1,"fos","22","BL 19","PM","CA3","trained","wt"
"679",5,"fos","23","BL 6","AM","CA3","control","wt"
"680",0,"fos","23","BL 6","AM","CA3","control","wt"
"681",1,"fos","23","BL 6","AM","CA3","control","wt"
"682",1,"fos","24","BL 18","AM","CA3","control","wt"
"683",1,"fos","24","BL 18","AM","CA3","control","wt"
"684",0,"fos","24","BL 18","AM","CA3","control","wt"
"685",1,"fos","25","BL 11","AM","CA3","trained","wt"
"686",1,"fos","25","BL 11","AM","CA3","trained","wt"
"687",0,"fos","25","BL 11","AM","CA3","trained","wt"
"688",0,"fos","26","BL 3","AM","CA3","trained","wt"
"689",0,"fos","26","BL 3","AM","CA3","trained","wt"
"690",0,"fos","26","BL 3","AM","CA3","trained","wt"
"692",0,"fos","27","BL 5","AM","CA3","trained","wt"
"693",1,"fos","27","BL 5","AM","CA3","trained","wt"
"694",0,"fos","28","BL 13","PM","CA3","trained","wt"
"695",0,"fos","28","BL 13","PM","CA3","trained","wt"
"696",0,"fos","28","BL 13","PM","CA3","trained","wt"
"697",0,"fos","29","BL 10","PM","CA3","control","wt"
"698",0,"fos","29","BL 10","PM","CA3","control","wt"
"699",0,"fos","29","BL 10","PM","CA3","control","wt"
"700",0,"fos","30","BL 12","AM","CA3","control","wt"
"701",0,"fos","30","BL 12","AM","CA3","control","wt"
"702",0,"fos","30","BL 12","AM","CA3","control","wt"
"703",2,"fos","31","BL 15","PM","CA3","trained","wt"
"704",0,"fos","31","BL 15","PM","CA3","trained","wt"
"705",0,"fos","31","BL 15","PM","CA3","trained","wt"
"706",1,"fos","32","BL 7","AM","CA3","trained","wt"
"707",1,"fos","32","BL 7","AM","CA3","trained","wt"
"708",3,"fos","32","BL 7","AM","CA3","trained","wt"
"710",10,"fos","33","BL 1","AM","CA3","trained","wt"
"711",10,"fos","33","BL 1","AM","CA3","trained","wt"
"712",2,"fos","34","BL 2","AM","CA3","trained","wt"
"713",2,"fos","34","BL 2","AM","CA3","trained","wt"
"714",2,"fos","34","BL 2","AM","CA3","trained","wt"
"715",31,"gria","1","a","AM","CA1","control","fmr1"
"716",38,"gria","1","a","AM","CA1","control","fmr1"
"717",38,"gria","1","a","AM","CA1","control","fmr1"
"718",27,"gria","2","a wt","AM","CA1","trained","wt"
"719",27,"gria","2","a wt","AM","CA1","trained","wt"
"720",24,"gria","2","a wt","AM","CA1","trained","wt"
"721",2,"gria","3","aa","AM","CA1","homecage","fmr1"
"723",2,"gria","3","aa","AM","CA1","homecage","fmr1"
"724",18,"gria","4","ab","AM","CA1","control","wt"
"725",15,"gria","4","ab","AM","CA1","control","wt"
"726",20,"gria","4","ab","AM","CA1","control","wt"
"727",50,"gria","5","b ","AM","CA1","trained","fmr1"
"728",52,"gria","5","b ","AM","CA1","trained","fmr1"
"729",45,"gria","5","b ","AM","CA1","trained","fmr1"
"730",17,"gria","6","bb","AM","CA1","homecage","wt"
"731",22,"gria","6","bb","AM","CA1","homecage","wt"
"732",25,"gria","6","bb","AM","CA1","homecage","wt"
"733",332,"gria","7","c","AM","CA1","trained","fmr1"
"734",316,"gria","7","c","AM","CA1","trained","fmr1"
"735",234,"gria","7","c","AM","CA1","trained","fmr1"
"736",76,"gria","8","e","AM","CA1","control","fmr1"
"737",85,"gria","8","e","AM","CA1","control","fmr1"
"738",66,"gria","8","e","AM","CA1","control","fmr1"
"739",30,"gria","9","f","AM","CA1","trained","fmr1"
"740",27,"gria","9","f","AM","CA1","trained","fmr1"
"741",34,"gria","9","f","AM","CA1","trained","fmr1"
"742",0,"gria","10","g","AM","CA1","control","fmr1"
"743",1,"gria","10","g","AM","CA1","control","fmr1"
"744",0,"gria","10","g","AM","CA1","control","fmr1"
"745",22,"gria","11","h","AM","CA1","trained","fmr1"
"746",12,"gria","11","h","AM","CA1","trained","fmr1"
"747",17,"gria","11","h","AM","CA1","trained","fmr1"
"748",48,"gria","12","i","AM","CA1","control","fmr1"
"749",49,"gria","12","i","AM","CA1","control","fmr1"
"750",31,"gria","12","i","AM","CA1","control","fmr1"
"752",4,"gria","13","j","AM","CA1","trained","fmr1"
"753",4,"gria","13","j","AM","CA1","trained","fmr1"
"754",63,"gria","14","k","AM","CA1","control","fmr1"
"755",63,"gria","14","k","AM","CA1","control","fmr1"
"757",104,"gria","15","l","AM","CA1","homecage","fmr1"
"758",106,"gria","15","l","AM","CA1","homecage","fmr1"
"759",104,"gria","15","l","AM","CA1","homecage","fmr1"
"760",170,"gria","16","m","AM","CA1","homecage","fmr1"
"761",146,"gria","16","m","AM","CA1","homecage","fmr1"
"762",103,"gria","16","m","AM","CA1","homecage","fmr1"
"763",70,"gria","17","n","AM","CA1","homecage","fmr1"
"764",45,"gria","17","n","AM","CA1","homecage","fmr1"
"765",56,"gria","17","n","AM","CA1","homecage","fmr1"
"766",0,"gria","18","BL 9","AM","CA3","trained","wt"
"767",0,"gria","18","BL 9","AM","CA3","trained","wt"
"768",4,"gria","18","BL 9","AM","CA3","trained","wt"
"769",11,"gria","19","BL 8","AM","CA3","control","wt"
"770",10,"gria","19","BL 8","AM","CA3","control","wt"
"771",13,"gria","19","BL 8","AM","CA3","control","wt"
"772",24,"gria","20","BL 14","AM","CA3","control","wt"
"773",24,"gria","20","BL 14","AM","CA3","control","wt"
"774",18,"gria","20","BL 14","AM","CA3","control","wt"
"775",10,"gria","21","BL 4","AM","CA3","control","wt"
"776",6,"gria","21","BL 4","AM","CA3","control","wt"
"777",5,"gria","21","BL 4","AM","CA3","control","wt"
"778",11,"gria","22","BL 19","PM","CA3","trained","wt"
"779",8,"gria","22","BL 19","PM","CA3","trained","wt"
"780",13,"gria","22","BL 19","PM","CA3","trained","wt"
"781",9,"gria","23","BL 6","AM","CA3","control","wt"
"782",15,"gria","23","BL 6","AM","CA3","control","wt"
"783",14,"gria","23","BL 6","AM","CA3","control","wt"
"784",20,"gria","24","BL 18","AM","CA3","control","wt"
"785",19,"gria","24","BL 18","AM","CA3","control","wt"
"786",19,"gria","24","BL 18","AM","CA3","control","wt"
"787",13,"gria","25","BL 11","AM","CA3","trained","wt"
"788",17,"gria","25","BL 11","AM","CA3","trained","wt"
"789",11,"gria","25","BL 11","AM","CA3","trained","wt"
"790",5,"gria","26","BL 3","AM","CA3","trained","wt"
"791",3,"gria","26","BL 3","AM","CA3","trained","wt"
"792",6,"gria","26","BL 3","AM","CA3","trained","wt"
"793",2,"gria","27","BL 5","AM","CA3","trained","wt"
"794",4,"gria","27","BL 5","AM","CA3","trained","wt"
"795",5,"gria","27","BL 5","AM","CA3","trained","wt"
"796",9,"gria","28","BL 13","PM","CA3","trained","wt"
"797",11,"gria","28","BL 13","PM","CA3","trained","wt"
"798",16,"gria","28","BL 13","PM","CA3","trained","wt"
"799",11,"gria","29","BL 10","PM","CA3","control","wt"
"800",8,"gria","29","BL 10","PM","CA3","control","wt"
"801",8,"gria","29","BL 10","PM","CA3","control","wt"
"802",3,"gria","30","BL 12","AM","CA3","control","wt"
"803",3,"gria","30","BL 12","AM","CA3","control","wt"
"804",2,"gria","30","BL 12","AM","CA3","control","wt"
"805",37,"gria","31","BL 15","PM","CA3","trained","wt"
"807",37,"gria","31","BL 15","PM","CA3","trained","wt"
"808",26,"gria","32","BL 7","AM","CA3","trained","wt"
"809",31,"gria","32","BL 7","AM","CA3","trained","wt"
"810",35,"gria","32","BL 7","AM","CA3","trained","wt"
"811",20,"gria","33","BL 1","AM","CA3","trained","wt"
"812",20,"gria","33","BL 1","AM","CA3","trained","wt"
"813",16,"gria","33","BL 1","AM","CA3","trained","wt"
"814",25,"gria","34","BL 2","AM","CA3","trained","wt"
"815",20,"gria","34","BL 2","AM","CA3","trained","wt"
"816",23,"gria","34","BL 2","AM","CA3","trained","wt"
"817",8,"grin","1","a","AM","CA1","control","fmr1"
"818",9,"grin","1","a","AM","CA1","control","fmr1"
"819",11,"grin","1","a","AM","CA1","control","fmr1"
"820",9,"grin","2","a wt","AM","CA1","trained","wt"
"821",7,"grin","2","a wt","AM","CA1","trained","wt"
"822",8,"grin","2","a wt","AM","CA1","trained","wt"
"823",0,"grin","3","aa","AM","CA1","homecage","fmr1"
"824",0,"grin","3","aa","AM","CA1","homecage","fmr1"
"825",0,"grin","3","aa","AM","CA1","homecage","fmr1"
"826",3,"grin","4","ab","AM","CA1","control","wt"
"827",4,"grin","4","ab","AM","CA1","control","wt"
"828",4,"grin","4","ab","AM","CA1","control","wt"
"829",17,"grin","5","b ","AM","CA1","trained","fmr1"
"830",14,"grin","5","b ","AM","CA1","trained","fmr1"
"831",14,"grin","5","b ","AM","CA1","trained","fmr1"
"833",6,"grin","6","bb","AM","CA1","homecage","wt"
"834",6,"grin","6","bb","AM","CA1","homecage","wt"
"835",62,"grin","7","c","AM","CA1","trained","fmr1"
"836",56,"grin","7","c","AM","CA1","trained","fmr1"
"837",71,"grin","7","c","AM","CA1","trained","fmr1"
"838",20,"grin","8","e","AM","CA1","control","fmr1"
"839",16,"grin","8","e","AM","CA1","control","fmr1"
"840",28,"grin","8","e","AM","CA1","control","fmr1"
"841",16,"grin","9","f","AM","CA1","trained","fmr1"
"842",14,"grin","9","f","AM","CA1","trained","fmr1"
"844",3,"grin","10","g","AM","CA1","control","fmr1"
"845",0,"grin","10","g","AM","CA1","control","fmr1"
"846",0,"grin","10","g","AM","CA1","control","fmr1"
"847",4,"grin","11","h","AM","CA1","trained","fmr1"
"848",6,"grin","11","h","AM","CA1","trained","fmr1"
"849",6,"grin","11","h","AM","CA1","trained","fmr1"
"850",16,"grin","12","i","AM","CA1","control","fmr1"
"851",15,"grin","12","i","AM","CA1","control","fmr1"
"852",17,"grin","12","i","AM","CA1","control","fmr1"
"853",3,"grin","13","j","AM","CA1","trained","fmr1"
"854",1,"grin","13","j","AM","CA1","trained","fmr1"
"855",0,"grin","13","j","AM","CA1","trained","fmr1"
"856",22,"grin","14","k","AM","CA1","control","fmr1"
"857",15,"grin","14","k","AM","CA1","control","fmr1"
"859",29,"grin","15","l","AM","CA1","homecage","fmr1"
"860",23,"grin","15","l","AM","CA1","homecage","fmr1"
"861",26,"grin","15","l","AM","CA1","homecage","fmr1"
"862",25,"grin","16","m","AM","CA1","homecage","fmr1"
"863",35,"grin","16","m","AM","CA1","homecage","fmr1"
"864",38,"grin","16","m","AM","CA1","homecage","fmr1"
"865",19,"grin","17","n","AM","CA1","homecage","fmr1"
"866",15,"grin","17","n","AM","CA1","homecage","fmr1"
"867",12,"grin","17","n","AM","CA1","homecage","fmr1"
"868",1,"grin","18","BL 9","AM","CA3","trained","wt"
"869",0,"grin","18","BL 9","AM","CA3","trained","wt"
"870",1,"grin","18","BL 9","AM","CA3","trained","wt"
"871",4,"grin","19","BL 8","AM","CA3","control","wt"
"872",2,"grin","19","BL 8","AM","CA3","control","wt"
"873",4,"grin","19","BL 8","AM","CA3","control","wt"
"874",5,"grin","20","BL 14","AM","CA3","control","wt"
"875",6,"grin","20","BL 14","AM","CA3","control","wt"
"876",4,"grin","20","BL 14","AM","CA3","control","wt"
"877",3,"grin","21","BL 4","AM","CA3","control","wt"
"878",1,"grin","21","BL 4","AM","CA3","control","wt"
"879",1,"grin","21","BL 4","AM","CA3","control","wt"
"880",4,"grin","22","BL 19","PM","CA3","trained","wt"
"881",7,"grin","22","BL 19","PM","CA3","trained","wt"
"882",4,"grin","22","BL 19","PM","CA3","trained","wt"
"883",4,"grin","23","BL 6","AM","CA3","control","wt"
"884",3,"grin","23","BL 6","AM","CA3","control","wt"
"885",3,"grin","23","BL 6","AM","CA3","control","wt"
"886",3,"grin","24","BL 18","AM","CA3","control","wt"
"887",5,"grin","24","BL 18","AM","CA3","control","wt"
"888",3,"grin","24","BL 18","AM","CA3","control","wt"
"889",4,"grin","25","BL 11","AM","CA3","trained","wt"
"890",4,"grin","25","BL 11","AM","CA3","trained","wt"
"891",4,"grin","25","BL 11","AM","CA3","trained","wt"
"892",1,"grin","26","BL 3","AM","CA3","trained","wt"
"893",1,"grin","26","BL 3","AM","CA3","trained","wt"
"894",1,"grin","26","BL 3","AM","CA3","trained","wt"
"895",2,"grin","27","BL 5","AM","CA3","trained","wt"
"896",1,"grin","27","BL 5","AM","CA3","trained","wt"
"897",1,"grin","27","BL 5","AM","CA3","trained","wt"
"898",2,"grin","28","BL 13","PM","CA3","trained","wt"
"899",2,"grin","28","BL 13","PM","CA3","trained","wt"
"900",1,"grin","28","BL 13","PM","CA3","trained","wt"
"901",2,"grin","29","BL 10","PM","CA3","control","wt"
"902",2,"grin","29","BL 10","PM","CA3","control","wt"
"903",0,"grin","29","BL 10","PM","CA3","control","wt"
"904",0,"grin","30","BL 12","AM","CA3","control","wt"
"905",1,"grin","30","BL 12","AM","CA3","control","wt"
"906",1,"grin","30","BL 12","AM","CA3","control","wt"
"908",9,"grin","31","BL 15","PM","CA3","trained","wt"
"909",9,"grin","31","BL 15","PM","CA3","trained","wt"
"910",11,"grin","32","BL 7","AM","CA3","trained","wt"
"911",8,"grin","32","BL 7","AM","CA3","trained","wt"
"912",6,"grin","32","BL 7","AM","CA3","trained","wt"
"913",5,"grin","33","BL 1","AM","CA3","trained","wt"
"914",5,"grin","33","BL 1","AM","CA3","trained","wt"
"915",4,"grin","33","BL 1","AM","CA3","trained","wt"
"916",5,"grin","34","BL 2","AM","CA3","trained","wt"
"917",7,"grin","34","BL 2","AM","CA3","trained","wt"
"918",7,"grin","34","BL 2","AM","CA3","trained","wt"
"919",24,"nsf","1","a","AM","CA1","control","fmr1"
"920",24,"nsf","1","a","AM","CA1","control","fmr1"
"921",24,"nsf","1","a","AM","CA1","control","fmr1"
"922",11,"nsf","2","a wt","AM","CA1","trained","wt"
"923",12,"nsf","2","a wt","AM","CA1","trained","wt"
"924",12,"nsf","2","a wt","AM","CA1","trained","wt"
"925",2,"nsf","3","aa","AM","CA1","homecage","fmr1"
"926",1,"nsf","3","aa","AM","CA1","homecage","fmr1"
"927",3,"nsf","3","aa","AM","CA1","homecage","fmr1"
"928",14,"nsf","4","ab","AM","CA1","control","wt"
"929",10,"nsf","4","ab","AM","CA1","control","wt"
"930",9,"nsf","4","ab","AM","CA1","control","wt"
"931",24,"nsf","5","b ","AM","CA1","trained","fmr1"
"932",28,"nsf","5","b ","AM","CA1","trained","fmr1"
"933",22,"nsf","5","b ","AM","CA1","trained","fmr1"
"934",14,"nsf","6","bb","AM","CA1","homecage","wt"
"935",17,"nsf","6","bb","AM","CA1","homecage","wt"
"936",18,"nsf","6","bb","AM","CA1","homecage","wt"
"937",93,"nsf","7","c","AM","CA1","trained","fmr1"
"938",125,"nsf","7","c","AM","CA1","trained","fmr1"
"939",136,"nsf","7","c","AM","CA1","trained","fmr1"
"940",38,"nsf","8","e","AM","CA1","control","fmr1"
"941",40,"nsf","8","e","AM","CA1","control","fmr1"
"942",38,"nsf","8","e","AM","CA1","control","fmr1"
"943",15,"nsf","9","f","AM","CA1","trained","fmr1"
"944",18,"nsf","9","f","AM","CA1","trained","fmr1"
"945",19,"nsf","9","f","AM","CA1","trained","fmr1"
"946",2,"nsf","10","g","AM","CA1","control","fmr1"
"947",3,"nsf","10","g","AM","CA1","control","fmr1"
"948",2,"nsf","10","g","AM","CA1","control","fmr1"
"949",190,"nsf","11","h","AM","CA1","trained","fmr1"
"950",203,"nsf","11","h","AM","CA1","trained","fmr1"
"951",275,"nsf","11","h","AM","CA1","trained","fmr1"
"952",33,"nsf","12","i","AM","CA1","control","fmr1"
"953",32,"nsf","12","i","AM","CA1","control","fmr1"
"954",38,"nsf","12","i","AM","CA1","control","fmr1"
"955",3,"nsf","13","j","AM","CA1","trained","fmr1"
"956",2,"nsf","13","j","AM","CA1","trained","fmr1"
"957",3,"nsf","13","j","AM","CA1","trained","fmr1"
"958",30,"nsf","14","k","AM","CA1","control","fmr1"
"959",32,"nsf","14","k","AM","CA1","control","fmr1"
"960",23,"nsf","14","k","AM","CA1","control","fmr1"
"961",58,"nsf","15","l","AM","CA1","homecage","fmr1"
"962",62,"nsf","15","l","AM","CA1","homecage","fmr1"
"963",53,"nsf","15","l","AM","CA1","homecage","fmr1"
"964",56,"nsf","16","m","AM","CA1","homecage","fmr1"
"965",81,"nsf","16","m","AM","CA1","homecage","fmr1"
"966",85,"nsf","16","m","AM","CA1","homecage","fmr1"
"967",28,"nsf","17","n","AM","CA1","homecage","fmr1"
"968",29,"nsf","17","n","AM","CA1","homecage","fmr1"
"969",28,"nsf","17","n","AM","CA1","homecage","fmr1"
"970",4,"nsf","18","BL 9","AM","CA3","trained","wt"
"971",3,"nsf","18","BL 9","AM","CA3","trained","wt"
"972",1,"nsf","18","BL 9","AM","CA3","trained","wt"
"973",9,"nsf","19","BL 8","AM","CA3","control","wt"
"974",5,"nsf","19","BL 8","AM","CA3","control","wt"
"975",11,"nsf","19","BL 8","AM","CA3","control","wt"
"977",14,"nsf","20","BL 14","AM","CA3","control","wt"
"978",15,"nsf","20","BL 14","AM","CA3","control","wt"
"979",10,"nsf","21","BL 4","AM","CA3","control","wt"
"980",4,"nsf","21","BL 4","AM","CA3","control","wt"
"981",5,"nsf","21","BL 4","AM","CA3","control","wt"
"982",20,"nsf","22","BL 19","PM","CA3","trained","wt"
"983",20,"nsf","22","BL 19","PM","CA3","trained","wt"
"984",20,"nsf","22","BL 19","PM","CA3","trained","wt"
"985",10,"nsf","23","BL 6","AM","CA3","control","wt"
"986",9,"nsf","23","BL 6","AM","CA3","control","wt"
"987",14,"nsf","23","BL 6","AM","CA3","control","wt"
"988",10,"nsf","24","BL 18","AM","CA3","control","wt"
"989",7,"nsf","24","BL 18","AM","CA3","control","wt"
"990",8,"nsf","24","BL 18","AM","CA3","control","wt"
"991",20,"nsf","25","BL 11","AM","CA3","trained","wt"
"992",16,"nsf","25","BL 11","AM","CA3","trained","wt"
"993",18,"nsf","25","BL 11","AM","CA3","trained","wt"
"994",1,"nsf","26","BL 3","AM","CA3","trained","wt"
"995",1,"nsf","26","BL 3","AM","CA3","trained","wt"
"997",2,"nsf","27","BL 5","AM","CA3","trained","wt"
"998",12,"nsf","27","BL 5","AM","CA3","trained","wt"
"999",5,"nsf","27","BL 5","AM","CA3","trained","wt"
"1000",4,"nsf","28","BL 13","PM","CA3","trained","wt"
"1001",1,"nsf","28","BL 13","PM","CA3","trained","wt"
"1002",9,"nsf","28","BL 13","PM","CA3","trained","wt"
"1003",4,"nsf","29","BL 10","PM","CA3","control","wt"
"1004",5,"nsf","29","BL 10","PM","CA3","control","wt"
"1005",8,"nsf","29","BL 10","PM","CA3","control","wt"
"1006",3,"nsf","30","BL 12","AM","CA3","control","wt"
"1007",4,"nsf","30","BL 12","AM","CA3","control","wt"
"1008",2,"nsf","30","BL 12","AM","CA3","control","wt"
"1009",36,"nsf","31","BL 15","PM","CA3","trained","wt"
"1010",37,"nsf","31","BL 15","PM","CA3","trained","wt"
"1011",36,"nsf","31","BL 15","PM","CA3","trained","wt"
"1012",32,"nsf","32","BL 7","AM","CA3","trained","wt"
"1013",28,"nsf","32","BL 7","AM","CA3","trained","wt"
"1014",38,"nsf","32","BL 7","AM","CA3","trained","wt"
"1015",3,"nsf","33","BL 1","AM","CA3","trained","wt"
"1016",6,"nsf","33","BL 1","AM","CA3","trained","wt"
"1017",8,"nsf","33","BL 1","AM","CA3","trained","wt"
"1018",12,"nsf","34","BL 2","AM","CA3","trained","wt"
"1019",13,"nsf","34","BL 2","AM","CA3","trained","wt"
"1020",12,"nsf","34","BL 2","AM","CA3","trained","wt"
"1021",134,"cam2kd","1","a","AM","CA1","control","fmr1"
"1022",123,"cam2kd","1","a","AM","CA1","control","fmr1"
"1023",139,"cam2kd","1","a","AM","CA1","control","fmr1"
"1025",60,"cam2kd","2","a wt","AM","CA1","trained","wt"
"1026",59,"cam2kd","2","a wt","AM","CA1","trained","wt"
"1027",5,"cam2kd","3","aa","AM","CA1","homecage","fmr1"
"1028",9,"cam2kd","3","aa","AM","CA1","homecage","fmr1"
"1029",17,"cam2kd","3","aa","AM","CA1","homecage","fmr1"
"1030",41,"cam2kd","4","ab","AM","CA1","control","wt"
"1031",32,"cam2kd","4","ab","AM","CA1","control","wt"
"1032",42,"cam2kd","4","ab","AM","CA1","control","wt"
"1033",194,"cam2kd","5","b ","AM","CA1","trained","fmr1"
"1034",181,"cam2kd","5","b ","AM","CA1","trained","fmr1"
"1035",174,"cam2kd","5","b ","AM","CA1","trained","fmr1"
"1036",81,"cam2kd","6","bb","AM","CA1","homecage","wt"
"1037",118,"cam2kd","6","bb","AM","CA1","homecage","wt"
"1038",104,"cam2kd","6","bb","AM","CA1","homecage","wt"
"1039",662,"cam2kd","7","c","AM","CA1","trained","fmr1"
"1040",650,"cam2kd","7","c","AM","CA1","trained","fmr1"
"1041",637,"cam2kd","7","c","AM","CA1","trained","fmr1"
"1042",301,"cam2kd","8","e","AM","CA1","control","fmr1"
"1043",168,"cam2kd","8","e","AM","CA1","control","fmr1"
"1044",223,"cam2kd","8","e","AM","CA1","control","fmr1"
"1045",85,"cam2kd","9","f","AM","CA1","trained","fmr1"
"1046",105,"cam2kd","9","f","AM","CA1","trained","fmr1"
"1047",41,"cam2kd","9","f","AM","CA1","trained","fmr1"
"1048",1,"cam2kd","10","g","AM","CA1","control","fmr1"
"1049",4,"cam2kd","10","g","AM","CA1","control","fmr1"
"1050",5,"cam2kd","10","g","AM","CA1","control","fmr1"
"1051",1062,"cam2kd","11","h","AM","CA1","trained","fmr1"
"1052",1114,"cam2kd","11","h","AM","CA1","trained","fmr1"
"1053",1109,"cam2kd","11","h","AM","CA1","trained","fmr1"
"1054",177,"cam2kd","12","i","AM","CA1","control","fmr1"
"1055",171,"cam2kd","12","i","AM","CA1","control","fmr1"
"1056",158,"cam2kd","12","i","AM","CA1","control","fmr1"
"1057",18,"cam2kd","13","j","AM","CA1","trained","fmr1"
"1058",24,"cam2kd","13","j","AM","CA1","trained","fmr1"
"1059",29,"cam2kd","13","j","AM","CA1","trained","fmr1"
"1063",123,"cam2kd","15","l","AM","CA1","homecage","fmr1"
"1064",267,"cam2kd","15","l","AM","CA1","homecage","fmr1"
"1065",324,"cam2kd","15","l","AM","CA1","homecage","fmr1"
"1066",444,"cam2kd","16","m","AM","CA1","homecage","fmr1"
"1067",402,"cam2kd","16","m","AM","CA1","homecage","fmr1"
"1068",385,"cam2kd","16","m","AM","CA1","homecage","fmr1"
"1069",78,"cam2kd","17","n","AM","CA1","homecage","fmr1"
"1070",153,"cam2kd","17","n","AM","CA1","homecage","fmr1"
"1071",156,"cam2kd","17","n","AM","CA1","homecage","fmr1"
"1072",2,"cam2kd","18","BL 9","AM","CA3","trained","wt"
"1073",3,"cam2kd","18","BL 9","AM","CA3","trained","wt"
"1074",4,"cam2kd","18","BL 9","AM","CA3","trained","wt"
"1075",14,"cam2kd","19","BL 8","AM","CA3","control","wt"
"1076",8,"cam2kd","19","BL 8","AM","CA3","control","wt"
"1077",7,"cam2kd","19","BL 8","AM","CA3","control","wt"
"1078",13,"cam2kd","20","BL 14","AM","CA3","control","wt"
"1079",25,"cam2kd","20","BL 14","AM","CA3","control","wt"
"1080",10,"cam2kd","20","BL 14","AM","CA3","control","wt"
"1081",3,"cam2kd","21","BL 4","AM","CA3","control","wt"
"1082",4,"cam2kd","21","BL 4","AM","CA3","control","wt"
"1083",4,"cam2kd","21","BL 4","AM","CA3","control","wt"
"1084",8,"cam2kd","22","BL 19","PM","CA3","trained","wt"
"1085",13,"cam2kd","22","BL 19","PM","CA3","trained","wt"
"1086",6,"cam2kd","22","BL 19","PM","CA3","trained","wt"
"1087",9,"cam2kd","23","BL 6","AM","CA3","control","wt"
"1088",9,"cam2kd","23","BL 6","AM","CA3","control","wt"
"1089",12,"cam2kd","23","BL 6","AM","CA3","control","wt"
"1090",9,"cam2kd","24","BL 18","AM","CA3","control","wt"
"1091",8,"cam2kd","24","BL 18","AM","CA3","control","wt"
"1092",9,"cam2kd","24","BL 18","AM","CA3","control","wt"
"1093",12,"cam2kd","25","BL 11","AM","CA3","trained","wt"
"1094",8,"cam2kd","25","BL 11","AM","CA3","trained","wt"
"1095",11,"cam2kd","25","BL 11","AM","CA3","trained","wt"
"1096",4,"cam2kd","26","BL 3","AM","CA3","trained","wt"
"1098",4,"cam2kd","26","BL 3","AM","CA3","trained","wt"
"1099",4,"cam2kd","27","BL 5","AM","CA3","trained","wt"
"1100",2,"cam2kd","27","BL 5","AM","CA3","trained","wt"
"1101",6,"cam2kd","27","BL 5","AM","CA3","trained","wt"
"1102",3,"cam2kd","28","BL 13","PM","CA3","trained","wt"
"1103",4,"cam2kd","28","BL 13","PM","CA3","trained","wt"
"1104",0,"cam2kd","28","BL 13","PM","CA3","trained","wt"
"1105",7,"cam2kd","29","BL 10","PM","CA3","control","wt"
"1106",4,"cam2kd","29","BL 10","PM","CA3","control","wt"
"1107",5,"cam2kd","29","BL 10","PM","CA3","control","wt"
"1108",1,"cam2kd","30","BL 12","AM","CA3","control","wt"
"1109",1,"cam2kd","30","BL 12","AM","CA3","control","wt"
"1110",0,"cam2kd","30","BL 12","AM","CA3","control","wt"
"1111",31,"cam2kd","31","BL 15","PM","CA3","trained","wt"
"1112",29,"cam2kd","31","BL 15","PM","CA3","trained","wt"
"1113",22,"cam2kd","31","BL 15","PM","CA3","trained","wt"
"1114",43,"cam2kd","32","BL 7","AM","CA3","trained","wt"
"1115",33,"cam2kd","32","BL 7","AM","CA3","trained","wt"
"1116",38,"cam2kd","32","BL 7","AM","CA3","trained","wt"
"1123",6,"creb","1","a","AM","CA1","control","fmr1"
"1124",5,"creb","1","a","AM","CA1","control","fmr1"
"1125",7,"creb","1","a","AM","CA1","control","fmr1"
"1126",2,"creb","2","a wt","AM","CA1","trained","wt"
"1127",2,"creb","2","a wt","AM","CA1","trained","wt"
"1128",4,"creb","2","a wt","AM","CA1","trained","wt"
"1129",2,"creb","3","aa","AM","CA1","homecage","fmr1"
"1130",0,"creb","3","aa","AM","CA1","homecage","fmr1"
"1131",1,"creb","3","aa","AM","CA1","homecage","fmr1"
"1132",2,"creb","4","ab","AM","CA1","control","wt"
"1133",4,"creb","4","ab","AM","CA1","control","wt"
"1134",3,"creb","4","ab","AM","CA1","control","wt"
"1135",5,"creb","5","b ","AM","CA1","trained","fmr1"
"1136",6,"creb","5","b ","AM","CA1","trained","fmr1"
"1137",5,"creb","5","b ","AM","CA1","trained","fmr1"
"1138",1,"creb","6","bb","AM","CA1","homecage","wt"
"1139",1,"creb","6","bb","AM","CA1","homecage","wt"
"1140",2,"creb","6","bb","AM","CA1","homecage","wt"
"1141",7,"creb","7","c","AM","CA1","trained","fmr1"
"1142",11,"creb","7","c","AM","CA1","trained","fmr1"
"1143",13,"creb","7","c","AM","CA1","trained","fmr1"
"1144",3,"creb","8","e","AM","CA1","control","fmr1"
"1145",3,"creb","8","e","AM","CA1","control","fmr1"
"1146",4,"creb","8","e","AM","CA1","control","fmr1"
"1147",4,"creb","9","f","AM","CA1","trained","fmr1"
"1148",4,"creb","9","f","AM","CA1","trained","fmr1"
"1149",6,"creb","9","f","AM","CA1","trained","fmr1"
"1150",0,"creb","10","g","AM","CA1","control","fmr1"
"1151",0,"creb","10","g","AM","CA1","control","fmr1"
"1152",0,"creb","10","g","AM","CA1","control","fmr1"
"1153",0,"creb","11","h","AM","CA1","trained","fmr1"
"1154",0,"creb","11","h","AM","CA1","trained","fmr1"
"1155",3,"creb","11","h","AM","CA1","trained","fmr1"
"1156",4,"creb","12","i","AM","CA1","control","fmr1"
"1157",7,"creb","12","i","AM","CA1","control","fmr1"
"1158",6,"creb","12","i","AM","CA1","control","fmr1"
"1159",0,"creb","13","j","AM","CA1","trained","fmr1"
"1160",0,"creb","13","j","AM","CA1","trained","fmr1"
"1161",0,"creb","13","j","AM","CA1","trained","fmr1"
"1162",3,"creb","14","k","AM","CA1","control","fmr1"
"1163",5,"creb","14","k","AM","CA1","control","fmr1"
"1164",3,"creb","14","k","AM","CA1","control","fmr1"
"1165",6,"creb","15","l","AM","CA1","homecage","fmr1"
"1166",0,"creb","15","l","AM","CA1","homecage","fmr1"
"1167",7,"creb","15","l","AM","CA1","homecage","fmr1"
"1168",4,"creb","16","m","AM","CA1","homecage","fmr1"
"1169",3,"creb","16","m","AM","CA1","homecage","fmr1"
"1170",5,"creb","16","m","AM","CA1","homecage","fmr1"
"1171",6,"creb","17","n","AM","CA1","homecage","fmr1"
"1172",5,"creb","17","n","AM","CA1","homecage","fmr1"
"1173",3,"creb","17","n","AM","CA1","homecage","fmr1"
"1174",1,"creb","18","BL 9","AM","CA3","trained","wt"
"1175",1,"creb","18","BL 9","AM","CA3","trained","wt"
"1176",1,"creb","18","BL 9","AM","CA3","trained","wt"
"1177",1,"creb","19","BL 8","AM","CA3","control","wt"
"1178",1,"creb","19","BL 8","AM","CA3","control","wt"
"1179",1,"creb","19","BL 8","AM","CA3","control","wt"
"1180",1,"creb","20","BL 14","AM","CA3","control","wt"
"1181",1,"creb","20","BL 14","AM","CA3","control","wt"
"1182",1,"creb","20","BL 14","AM","CA3","control","wt"
"1183",0,"creb","21","BL 4","AM","CA3","control","wt"
"1184",0,"creb","21","BL 4","AM","CA3","control","wt"
"1185",0,"creb","21","BL 4","AM","CA3","control","wt"
"1186",2,"creb","22","BL 19","PM","CA3","trained","wt"
"1187",2,"creb","22","BL 19","PM","CA3","trained","wt"
"1188",2,"creb","22","BL 19","PM","CA3","trained","wt"
"1189",0,"creb","23","BL 6","AM","CA3","control","wt"
"1190",0,"creb","23","BL 6","AM","CA3","control","wt"
"1191",0,"creb","23","BL 6","AM","CA3","control","wt"
"1192",0,"creb","24","BL 18","AM","CA3","control","wt"
"1193",0,"creb","24","BL 18","AM","CA3","control","wt"
"1194",0,"creb","24","BL 18","AM","CA3","control","wt"
"1195",1,"creb","25","BL 11","AM","CA3","trained","wt"
"1196",1,"creb","25","BL 11","AM","CA3","trained","wt"
"1197",1,"creb","25","BL 11","AM","CA3","trained","wt"
"1198",0,"creb","26","BL 3","AM","CA3","trained","wt"
"1199",0,"creb","26","BL 3","AM","CA3","trained","wt"
"1200",0,"creb","26","BL 3","AM","CA3","trained","wt"
"1201",0,"creb","27","BL 5","AM","CA3","trained","wt"
"1202",0,"creb","27","BL 5","AM","CA3","trained","wt"
"1203",0,"creb","27","BL 5","AM","CA3","trained","wt"
"1204",0,"creb","28","BL 13","PM","CA3","trained","wt"
"1205",0,"creb","28","BL 13","PM","CA3","trained","wt"
"1206",0,"creb","28","BL 13","PM","CA3","trained","wt"
"1207",0,"creb","29","BL 10","PM","CA3","control","wt"
"1208",0,"creb","29","BL 10","PM","CA3","control","wt"
"1209",0,"creb","29","BL 10","PM","CA3","control","wt"
"1210",0,"creb","30","BL 12","AM","CA3","control","wt"
"1211",0,"creb","30","BL 12","AM","CA3","control","wt"
"1212",0,"creb","30","BL 12","AM","CA3","control","wt"
"1213",1,"creb","31","BL 15","PM","CA3","trained","wt"
"1214",1,"creb","31","BL 15","PM","CA3","trained","wt"
"1215",1,"creb","31","BL 15","PM","CA3","trained","wt"
"1216",1,"creb","32","BL 7","AM","CA3","trained","wt"
"1217",1,"creb","32","BL 7","AM","CA3","trained","wt"
"1218",1,"creb","32","BL 7","AM","CA3","trained","wt"
"1219",1,"creb","33","BL 1","AM","CA3","trained","wt"
"1220",1,"creb","33","BL 1","AM","CA3","trained","wt"
"1221",1,"creb","33","BL 1","AM","CA3","trained","wt"
"1222",1,"creb","34","BL 2","AM","CA3","trained","wt"
"1223",1,"creb","34","BL 2","AM","CA3","trained","wt"
"1224",1,"creb","34","BL 2","AM","CA3","trained","wt"
