"ind","genotype","session","filename","APA","genoAPA","genoAPAsession","genoAPAsessionInd","p.miss","TotalTime","TotalPath","Entrances","TimeToFirstEntrance","PathToFirstEntrance","SpeedToFirstEntrance","EntrancePerDistance","TotalShocks","TimeToFirstShock","PathToFirstShock","Speed","SDofSpeed","LineArity","MaxAvoidTime","MaxAvoidPath","TimeToSecondEntrance","PathToSecondEntrance","SpeedToSecondEntranc","TimeTARG","pTimeTARG","pTimeCCW","pTimeOPP","pTimeCW","RayleigLength","RayleigAngle","PolarAveVal","PolarSdVal","PolarMinVal","PolarMinBin","MinLoBin","MinHiBin","PolarMaxVal","PolarMaxBin","MaxLoBin","MaxHiBin","AnnularMinVal","AnnularMinBin","AnnularMaxVal","AnnularMaxBin","AnnularAvg","AnnularSD","AnnularSkewnes","AnnularKurtosis"
"BL 1","WT","pretraining","                 bl1D1Hab_Room_Train","trained","WT_trained","WT_trained_pretraining","WT_trained_pretraining_BL 1",0,600,28.21,32,1.5,0.11,13.11,1.13,81,1.5,0.11,4.7,3.67,0.624,52,2.15,21.97,1.22,8.11,152.865,0.3681,0.2256,0.1051,0.3012,0.25,339.62,152.56,101.95,0.0087,190,0,250,0.0546,330,250,30,0.0121,19.4,0.4487,16.6,15.7,14.57,2.1,9.29
"BL 1","WT","training1","              bl1D1Train1_Room_Train","trained","WT_trained","WT_trained_training1","WT_trained_training1_BL 1",0,600,17.64,8,27.77,1.19,9.02,0.45,8,27.77,1.19,2.94,2.9,0.6925,180,4.73,67.4,2.15,1.91,6.633,0.0165,0.2127,0.5037,0.2671,0.5,195.41,248.34,72.05,6e-04,0,240,180,0.0802,200,160,250,0.006,3.5,0.4759,16.6,16.74,11.28,4.26,31.51
"BL 1","WT","training2","              bl1D1Train2_Room_Train","trained","WT_trained","WT_trained_training2","WT_trained_training2_BL 1",0,600,16.86,3,32.03,0.57,1.88,0.18,3,32.03,0.57,2.81,2.75,0.6699,541,14.98,53.53,1.22,2.04,2.431,0.0066,0.1592,0.4673,0.367,0.56,204.06,256.34,68.24,0,0,250,190,0.0879,230,180,270,0.0013,3.5,0.5119,18,17.17,8.06,2.88,21.98
"BL 1","WT","training3","              bl1D1Train3_Room_Train","trained","WT_trained","WT_trained_training3","WT_trained_training3_BL 1",0,600,15.53,2,22.33,0.41,1.56,0.13,2,22.33,0.41,2.59,2.62,0.6563,560,0.41,39.53,0.93,1.69,1.6,0.0041,0.1551,0.5646,0.2762,0.65,198.65,274.63,54.9,0,340,240,190,0.0849,220,170,250,0.0015,3.5,0.4852,18,17,9.18,2.84,17.08
"BL 1","WT","retention","              bl1D2Retest_Room_Train","trained","WT_trained","WT_trained_retention","WT_trained_retention_BL 1",0.0525,600,20.16,2,131.57,5.71,8.35,0.1,2,131.57,5.71,3.36,3.17,0.4477,295,7.49,304.8,12.14,10.42,8.734,0.0235,0.0322,0.5501,0.3942,0.69,218.73,256.4,71.37,5e-04,40,240,190,0.111,230,170,250,0.0046,3.5,0.4491,16.6,16.57,11.74,2.6,15.71
"BL 2","WT","pretraining","                 bl2D1Hab_Room_Train","trained","WT_trained","WT_trained_pretraining","WT_trained_pretraining_BL 2",0,600,29.56,35,7.23,0.45,6.89,1.18,59,7.23,0.45,4.93,3.73,0.606,61,3.83,18.17,1.28,9.44,100.933,0.2709,0.1915,0.2737,0.2639,0.09,261.4,187.4,107.6,0.0142,70,350,210,0.0468,220,130,310,0.0015,19.4,0.3261,15,14,21.68,1.67,5.57
"BL 2","WT","training1","              bl2D1Train1_Room_Train","trained","WT_trained","WT_trained_training1","WT_trained_training1_BL 2",0.00072,600,19.81,4,0.73,0,-1,0.2,4,0.73,0,3.3,2.84,0.4702,417,14.47,40.93,1.92,7.66,5.701,0.0139,0.4736,0.3842,0.1284,0.49,146.11,223.62,69.05,2e-04,0,170,90,0.0714,110,70,180,3e-04,19.4,0.3817,15,14.19,16.6,1.61,6.27
"BL 2","WT","training2","              bl2D1Train2_Room_Train","trained","WT_trained","WT_trained_training2","WT_trained_training2_BL 2",0,600,18.01,4,35.93,0.76,1.91,0.22,4,35.93,0.76,3,2.74,0.5298,348,10.61,70.53,1.74,1.91,3.534,0.0093,0.1768,0.631,0.1829,0.65,193.69,268.27,55.59,0,0,230,190,0.0936,230,180,250,0.0018,3.5,0.384,16.6,16.14,9.64,1.57,10.29
"BL 2","WT","training3","              bl2D1Train3_Room_Train","trained","WT_trained","WT_trained_training3","WT_trained_training3_BL 2",0.0315,600,17.41,1,31.43,0.44,1.78,0.06,1,31.43,0.44,2.9,2.32,0.5201,568,0.44,599.97,17.41,-1,0.966,0.0024,0.227,0.5785,0.192,0.62,179.97,254.46,56.45,0,0,220,160,0.0752,190,150,240,0.001,8.5,0.5719,16.6,16.46,7.28,1.49,7.37
"BL 2","WT","retention","              bl2D2Retest_Room_Train","trained","WT_trained","WT_trained_retention","WT_trained_retention_BL 2",0.00883,600,23.62,4,6.83,0.35,10.16,0.17,4,6.83,0.35,3.94,3.44,0.5071,334,7.44,94.93,4.94,8.85,3.832,0.0093,0.5032,0.4136,0.0739,0.62,136.84,224.62,56.31,2e-04,0,140,80,0.0772,140,70,160,7e-04,19.4,0.4246,16.6,15.62,11.5,2.5,13.39
"BL 3","WT","pretraining","                 bl3D1Hab_Room_Train","trained","WT_trained","WT_trained_pretraining","WT_trained_pretraining_BL 3",0,600,34.52,30,19.4,1.52,11.27,0.87,54,19.4,1.52,5.75,4.43,0.6382,40,3.39,29.93,2.38,15.5,94.935,0.2315,0.2763,0.2395,0.2527,0.05,131.11,186.97,101.75,0.0152,330,190,30,0.0389,30,330,160,0.0022,19.4,0.3806,16.6,15.37,14.1,2.01,8.63
"BL 3","WT","training1","              bl3D1Train1_Room_Train","trained","WT_trained","WT_trained_training1","WT_trained_training1_BL 3",0,600,16.67,3,47.37,1.56,8.82,0.18,3,47.37,1.56,2.78,2.24,0.5403,305,4.93,208.93,6.21,8.53,2.4,0.0059,0.1438,0.6072,0.2431,0.64,190.96,261.44,56.1,2e-04,0,240,180,0.093,190,150,240,0.0018,19.4,0.4677,16.6,15.53,13.62,2.22,9.29
"BL 3","WT","training2","              bl3D1Train2_Room_Train","trained","WT_trained","WT_trained_training2","WT_trained_training2_BL 3",0,600,16.3,2,171.6,4.24,1.34,0.12,2,171.6,4.24,2.72,2.26,0.561,295,7.69,467.37,12.92,6.68,1.633,0.0041,0.2089,0.6468,0.1402,0.62,177.62,247.54,59.69,0,0,210,160,0.0915,190,140,220,0.0013,3.5,0.4501,16.6,16.37,11.06,2.19,10.11
"BL 3","WT","training3","              bl3D1Train3_Room_Train","trained","WT_trained","WT_trained_training3","WT_trained_training3_BL 3",0,600,14.98,0,599.97,14.98,-1,0,0,599.97,14.98,2.5,2.41,0.572,599,14.98,599.97,14.98,-1,0,0,0.3315,0.6616,0.0069,0.77,150.26,239.41,41.28,0,0,180,130,0.0954,150,120,200,0.0021,3.5,0.7426,16.6,16.55,7.23,4.53,33.72
"BL 3","WT","retention","              bl3D2Retest_Room_Train","trained","WT_trained","WT_trained_retention","WT_trained_retention_BL 3",0.00672,600,15.43,1,162.9,4.16,4.06,0.06,1,162.9,4.16,2.57,2.17,0.537,437,4.16,599.97,15.43,-1,1.7,0.0043,0.0563,0.7445,0.195,0.71,195.95,260.93,54.75,0,0,210,170,0.0965,190,160,230,2e-04,3.5,0.4547,18,16.92,8.64,1.92,9.99
"BL 4","WT","pretraining","                 bl4D1Hab_Room_Control","control","WT_control","WT_control_pretraining","WT_control_pretraining_BL 4",0,600,27.58,24,1.23,0.06,5.11,0.87,47,1.23,0.06,4.6,3.45,0.6131,61,3.9,7.07,0.36,7.85,85.529,0.214,0.2837,0.2865,0.2158,0.1,168.9,190.02,101.43,0.0175,40,220,90,0.0446,210,150,340,3e-04,19.4,0.2751,13.2,13.57,19.95,1.35,5.49
"BL 4","WT","training1","              bl4D1Train1_Room_Control","control","WT_control","WT_control_training1","WT_control_training1_BL 4",0,600,23.19,26,15.47,0.61,3.96,1.12,54,15.47,0.61,3.87,2.93,0.6658,44,1.87,45.83,1.89,7.48,96.738,0.2496,0.1177,0.3389,0.2937,0.18,242.41,186.7,111.72,0.0092,80,320,190,0.0461,320,180,340,0.0022,19.4,0.262,15,13.9,22.01,1.38,4.96
"BL 4","WT","training2","              bl4D1Train2_Room_Control","control","WT_control","WT_control_training2","WT_control_training2_BL 4",0,600,18.25,18,0.53,0,-1,0.99,45,0.53,0,3.04,2.38,0.6207,86,2.68,75.73,2.4,7.99,87.595,0.2133,0.1116,0.3089,0.3663,0.26,249.63,190.79,117.33,0.009,80,290,180,0.0497,260,190,340,0.0919,8.5,0.2033,13.2,12.75,25.85,0.92,3.36
"BL 4","WT","training3","              bl4D1Train3_Room_Control","control","WT_control","WT_control_training3","WT_control_training3_BL 4",0,600,16.31,17,0.53,0,-1,1.04,41,0.53,0,2.72,2.1,0.6212,143,3.2,17.77,0.56,2.13,77.269,0.179,0.1661,0.4046,0.2502,0.25,207.21,199.75,105.75,0.0075,70,220,100,0.0629,180,140,280,0.0318,18,0.2248,16.6,12.81,23.75,1.02,3.57
"BL 4","WT","retention","              bl4D2Retest_Room_Control","control","WT_control","WT_control_retention","WT_control_retention_BL 4",0,600,24,24,4.73,0.32,11.86,1,61,4.73,0.32,4,3.11,0.6156,84,4.3,18.53,1.24,4.68,110.564,0.2667,0.2303,0.1691,0.334,0.15,313.94,167.14,110.06,0.0124,180,0,240,0.0421,280,220,10,0.0028,19.4,0.2032,11.1,13.38,21.86,0.89,3.58
"BL 5","WT","pretraining","                 bl5D1Hab_Room_Train","trained","WT_trained","WT_trained_pretraining","WT_trained_pretraining_BL 5",0,600,32.88,31,21.83,2.05,20.71,0.94,61,21.83,2.05,5.48,4.45,0.5806,67,5.41,30.3,2.72,0,115.501,0.288,0.1751,0.2439,0.2931,0.2,284.63,178.05,114.26,0.0101,120,330,210,0.0497,320,210,0,0.0036,19.4,0.3196,15,14.11,19.02,1.55,5.95
"BL 5","WT","training1","              bl5D1Train1_Room_Train","trained","WT_trained","WT_trained_training1","WT_trained_training1_BL 5",0,600,17.89,7,8.47,0.4,18.75,0.39,7,8.47,0.4,2.98,2.79,0.566,252,8.09,31.2,1,2.31,5.732,0.0142,0.3225,0.5993,0.064,0.64,150.7,234.42,54.3,1e-04,350,190,130,0.0915,160,120,210,0.0046,19.4,0.4077,16.6,15.57,11.92,2.05,11.33
"BL 5","WT","training2","              bl5D1Train2_Room_Train","trained","WT_trained","WT_trained_training2","WT_trained_training2_BL 5",0.00533,600,16.37,4,5.17,0.09,1.91,0.24,8,5.17,0.09,2.73,2.66,0.6157,280,7.09,39.87,0.98,1.61,12.9,0.0316,0.1093,0.3711,0.488,0.53,226.5,226.35,101.76,7e-04,20,270,200,0.09,250,180,280,0.0024,3.5,0.2807,16.6,16.36,18.86,3.22,18.05
"BL 5","WT","training3","              bl5D1Train3_Room_Train","trained","WT_trained","WT_trained_training3","WT_trained_training3_BL 5",0,600,13.92,3,119.4,2.47,1.78,0.22,3,119.4,2.47,2.32,2,0.5467,265,2.95,202.23,4.51,2.31,2.332,0.0059,0.8136,0.1613,0.0192,0.81,105.44,195.56,38.5,0,10,120,80,0.1042,100,70,140,6e-04,8.5,0.4362,16.6,17.19,11.82,5.52,44.96
"BL 5","WT","retention","              bl5D2Retest_Room_Train","trained","WT_trained","WT_trained_retention","WT_trained_retention_BL 5",0,600,16.3,3,58.57,1.79,14.97,0.18,3,58.57,1.79,2.72,2.53,0.5744,272,7.81,331.2,9.32,3.14,2.733,0.0068,0.1973,0.7271,0.0687,0.72,163.5,247.86,47.75,2e-04,0,200,150,0.0946,160,120,200,3e-04,8.5,0.4881,16.6,17.02,6.23,1.22,8.45
"BL 6","WT","pretraining","                 bl6D1Hab_Room_Control","control","WT_control","WT_control_pretraining","WT_control_pretraining_BL 6",0,600,32.38,27,2.93,0.16,10.32,0.83,53,2.93,0.16,5.4,3.99,0.6475,57,3.3,47.83,2.35,8.98,93.832,0.2226,0.2073,0.3412,0.2289,0.11,187.49,193.18,102.41,0.0162,30,280,140,0.048,160,100,270,6e-04,19.4,0.2819,15,13.95,21.03,1.54,5.59
"BL 6","WT","training1","              bl6D1Train1_Room_Control","control","WT_control","WT_control_training1","WT_control_training1_BL 6",0,600,23.63,18,17.47,0.84,9.73,0.76,49,17.47,0.84,3.94,3.06,0.5963,73,3.08,36.53,1.61,4.13,89.966,0.2204,0.1727,0.2483,0.3586,0.13,255.72,179,113.16,0.0145,30,300,170,0.0525,280,150,320,8e-04,19.4,0.3099,15,14.01,18.7,1.56,5.89
"BL 6","WT","training2","              bl6D1Train2_Room_Control","control","WT_control","WT_control_training2","WT_control_training2_BL 6",0,600,21.23,12,10.5,0.33,11.11,0.57,31,10.5,0.33,3.54,2.71,0.6238,121,4.07,132.2,4.72,9.94,60.167,0.15,0.3197,0.3431,0.1873,0.26,144.08,200.73,90.15,0.0093,20,190,90,0.0628,120,80,210,0.002,19.4,0.2499,13.2,13.58,22.63,1.18,4.23
"BL 6","WT","training3","              bl6D1Train3_Room_Control","control","WT_control","WT_control_training3","WT_control_training3_BL 6",0,600,19.16,13,12.53,0.39,10.83,0.68,37,12.53,0.39,3.19,2.43,0.637,124,4.29,43.33,1.42,5.32,70.967,0.1763,0.4257,0.2572,0.1408,0.37,107.47,186.28,80.7,0.0081,230,160,80,0.0626,140,60,170,0.0115,19.4,0.2231,13.2,13.98,22.98,1.08,4
"BL 6","WT","retention","              bl6D2Retest_Room_Control","control","WT_control","WT_control_retention","WT_control_retention_BL 6",0,600,17.01,13,10.83,0.27,3.7,0.76,37,10.83,0.27,2.84,2.04,0.587,91,2.09,36.07,0.87,3.28,71.833,0.176,0.1763,0.3606,0.287,0.18,209.43,199.35,105.27,0.0148,330,280,160,0.0539,200,140,290,0.0498,18,0.2585,13.2,12.68,23.13,1.11,4.18
"BL 7","WT","pretraining","                 bl7D1Hab_Room_Train","trained","WT_trained","WT_trained_pretraining","WT_trained_pretraining_BL 7",0,600,26.64,23,3.1,0.31,14.55,0.86,57,3.1,0.31,4.44,3.48,0.5594,70,4.42,38.67,2.27,7.73,113.398,0.2795,0.2857,0.1852,0.2495,0.12,341.01,164.97,104.2,0.0157,180,40,260,0.0555,320,230,40,0.0271,19.4,0.271,16.6,14.08,24.94,1.31,4.06
"BL 7","WT","training1","              bl7D1Train1_Room_Train","trained","WT_trained","WT_trained_training1","WT_trained_training1_BL 7",6e-05,600,17.09,4,83.37,2.21,9.39,0.23,4,83.37,2.21,2.85,2.57,0.5889,335,4.16,86.67,2.44,4.56,3.566,0.009,0.1302,0.7307,0.1301,0.7,180.09,259.33,49.88,3e-04,320,210,160,0.087,170,150,230,8e-04,19.4,0.3389,16.6,14.77,18.16,1.82,6.86
"BL 7","WT","training2","              bl7D1Train2_Room_Train","trained","WT_trained","WT_trained_training2","WT_trained_training2_BL 7",0.00056,600,15.73,1,55.1,1.32,2.65,0.06,1,55.1,1.32,2.62,2.68,0.6764,544,1.32,599.97,15.73,-1,0.9,0.0022,0.1744,0.7271,0.0963,0.71,175.98,262.72,47.4,0,0,210,160,0.0891,170,140,220,0.0021,8.5,0.4532,16.6,17.17,10.01,3.9,36.05
"BL 7","WT","training3","              bl7D1Train3_Room_Train","trained","WT_trained","WT_trained_training3","WT_trained_training3_BL 7",0,600,15.47,0,599.97,15.47,-1,0,0,599.97,15.47,2.58,2.36,0.6276,599,15.47,599.97,15.47,-1,0,0,0.1175,0.822,0.0605,0.79,176.71,264.99,40.07,0,0,200,160,0.1128,180,150,220,0.0015,3.5,0.4642,16.6,16.73,7.72,2.37,18.93
"BL 7","WT","retention","              bl7D2Retest_Room_Train","trained","WT_trained","WT_trained_retention","WT_trained_retention_BL 7",0.00178,600,20.08,5,0.53,0,-1,0.25,5,0.53,0,3.35,3.79,0.5518,255,8.91,30,1.85,12.75,8.901,0.0206,0.0799,0.8205,0.079,0.76,178.19,258.4,46.57,8e-04,300,200,170,0.1257,190,150,210,6e-04,8.5,0.5611,16.6,16.36,7.88,0.76,4.83
"BL 8","WT","pretraining","                 bl8D1Hab_Room_Control","control","WT_control","WT_control_pretraining","WT_control_pretraining_BL 8",0,600,19.89,18,0.53,0,-1,0.91,46,0.53,0,3.31,2.61,0.6193,106,4.12,22.77,1.06,5.45,87.931,0.2162,0.3409,0.2867,0.1563,0.24,121.42,196.28,88.21,0.009,320,180,60,0.0496,120,50,200,0.0036,19.4,0.2896,13.2,14.17,19.64,1.47,6.03
"BL 8","WT","training1","              bl8D1Train1_Room_Control","control","WT_control","WT_control_training1","WT_control_training1_BL 8",0,600,15.14,25,16.83,0.35,2.32,1.65,100,16.83,0.35,2.52,1.98,0.6364,69,1.79,33.17,0.74,10.39,195.567,0.4919,0.3688,0.0593,0.0801,0.52,32.64,138.93,69.47,0.0037,260,70,0,0.0669,50,350,90,0.0178,19.4,0.2591,13.2,14.49,18.81,0.65,3.48
"BL 8","WT","training2","              bl8D1Train2_Room_Control","control","WT_control","WT_control_training2","WT_control_training2_BL 8",0,600,14.26,23,7.13,0.13,2.04,1.61,95,7.13,0.13,2.38,1.73,0.6451,97,2.4,28.27,0.7,12.52,189.464,0.4769,0.2218,0.1349,0.1664,0.36,14.58,150.85,88.15,0.0074,130,60,340,0.0765,30,330,80,0.0057,3.5,0.3135,15,16.18,11.52,2.04,11.03
"BL 8","WT","training3","              bl8D1Train3_Room_Control","control","WT_control","WT_control_training3","WT_control_training3_BL 8",0,600,13.82,13,30.2,0.62,2.25,0.94,53,30.2,0.62,2.3,1.66,0.757,72,1.71,74.7,1.75,1.69,98.3,0.24,0.296,0.2362,0.2278,0.07,73.33,179.6,100.36,0.0236,300,170,20,0.0454,80,310,130,2e-04,8.5,0.4631,18,16.83,8.16,1.15,4.62
"BL 8","WT","retention","              bl8D2Retest_Room_Control","control","WT_control","WT_control_retention","WT_control_retention_BL 8",0,600,18.5,22,0.53,0,-1,1.19,54,0.53,0,3.08,2.47,0.6737,69,1.92,11.5,0.21,3.43,106.833,0.2726,0.2666,0.1464,0.3144,0.17,343.22,149.84,99.33,0.0123,200,50,280,0.0522,310,240,30,0.016,3.5,0.2468,15,14.94,17.83,1.11,4.81
"BL 9","WT","pretraining","                 bl9D1Hab_Room_Train","trained","WT_trained","WT_trained_pretraining","WT_trained_pretraining_BL 9",0,600,28.81,23,25.13,1.63,11.76,0.8,41,25.13,1.63,4.8,3.69,0.6401,62,3.51,45.7,2.7,7.96,73.667,0.1882,0.2644,0.2319,0.3155,0.14,221.04,199.79,106.74,0.0145,150,0,220,0.0578,240,180,350,0.0062,18,0.2861,15,12.98,21.47,1.3,4.15
"BL 9","WT","training1","              bl9D1Train1_Room_Train","trained","WT_trained","WT_trained_training1","WT_trained_training1_BL 9",0,600,15.33,4,0.53,0,-1,0.26,4,0.53,0,2.56,2.61,0.6125,237,5.31,59.3,1.38,1.56,4.598,0.0116,0.296,0.558,0.1344,0.57,162.62,240.85,61.57,4e-04,0,210,140,0.082,170,100,200,0.0339,18,0.3243,15,14.3,18.19,1.89,6.92
"BL 9","WT","training2","              bl9D1Train2_Room_Train","trained","WT_trained","WT_trained_training2","WT_trained_training2_BL 9",0,600,14.74,3,21.63,0.44,1.54,0.2,3,21.63,0.44,2.46,2.35,0.6432,333,7.8,65.13,1.43,2.1,2.966,0.0078,0.1176,0.5748,0.2998,0.66,202.3,266.35,57.7,2e-04,0,240,190,0.088,230,170,250,0.004,3.5,0.4417,16.6,15.54,10.42,2.14,11.78
"BL 9","WT","training3","              bl9D1Train3_Room_Train","trained","WT_trained","WT_trained_training3","WT_trained_training3_BL 9",0,600,13.75,0,599.97,13.75,-1,0,0,599.97,13.75,2.29,2.26,0.6574,599,13.75,599.97,13.75,-1,0.433,0.0011,0.0684,0.5823,0.3483,0.7,206.75,264.64,56.58,1e-04,0,220,170,0.0876,220,170,250,0.006,3.5,0.4464,16.6,15.7,11.24,2.51,13.71
"BL 9","WT","retention","              bl9D2Retest_Room_Train","trained","WT_trained","WT_trained_retention","WT_trained_retention_BL 9",6e-05,600,16.18,2,42.87,1.29,12.44,0.12,2,42.87,1.29,2.7,2.72,0.6134,314,7.19,285.2,8.91,10.16,2.433,0.0063,0.1189,0.5655,0.3094,0.66,204.42,266.48,58.27,2e-04,0,240,190,0.1025,220,180,260,0.007,3.5,0.4719,16.6,15.79,11.29,2.43,11.93
"BL 10","WT","pretraining","                bl10D1Hab_Room_Control","control","WT_control","WT_control_pretraining","WT_control_pretraining_BL 10",0,600,26.7,28,30.83,1.19,5.87,1.05,66,30.83,1.19,4.45,3.36,0.5933,41,1.72,45.63,2.11,3.73,125.103,0.3269,0.1454,0.2986,0.2291,0.15,288.92,171.74,109.44,0.0114,110,330,200,0.0512,310,250,60,0.0303,3.5,0.2595,16.6,14.31,17.14,1.22,4.97
"BL 10","WT","training1","             bl10D1Train1_Room_Control","control","WT_control","WT_control_training1","WT_control_training1_BL 10",0,600,20.4,20,0.53,0,-1,0.98,56,0.53,0,3.4,2.7,0.5961,59,1.67,21.4,0.72,5.76,107.567,0.2671,0.2516,0.2188,0.2625,0.02,10.66,178.5,104.16,0.0173,70,260,100,0.0383,110,70,270,0.0265,18,0.2619,15,13.5,20.09,1.53,5.64
"BL 10","WT","training2","             bl10D1Train2_Room_Control","control","WT_control","WT_control_training2","WT_control_training2_BL 10",0,600,17.5,17,15,0.52,7.09,0.97,55,15,0.52,2.92,2.33,0.6288,88,2.6,45.93,1.28,4.99,107.065,0.2641,0.2444,0.2187,0.2728,0.04,307.19,175.61,105.83,0.0168,160,10,210,0.0377,280,160,350,0.0012,19.4,0.2735,13.2,13.96,16.89,1.15,6.13
"BL 10","WT","training3","             bl10D1Train3_Room_Control","control","WT_control","WT_control_training3","WT_control_training3_BL 10",0,600,15.85,21,24.33,0.48,1.96,1.32,66,24.33,0.48,2.64,2.13,0.6444,70,1.31,82.93,1.58,2.17,126.064,0.322,0.1618,0.2033,0.3129,0.21,314.87,157.42,107.7,0.0125,80,40,280,0.049,290,270,60,0.0018,19.4,0.2973,13.2,14.35,16.95,1.13,5.27
"BL 10","WT","retention","             bl10D2Retest_Room_Control","control","WT_control","WT_control_retention","WT_control_retention_BL 10",0,600,22.9,24,0.9,0,-1,1.05,60,0.9,0,3.82,3.13,0.6154,69,2.35,4.8,0.1,2.04,116.438,0.2886,0.1532,0.2438,0.3144,0.13,295.67,171.82,110.47,0.0141,90,30,260,0.0446,300,240,40,0.0019,19.4,0.3152,13.2,14.67,15.03,1.55,7.94
"BL 11","WT","pretraining","                bl11D1Hab_Room_Train","trained","WT_trained","WT_trained_pretraining","WT_trained_pretraining_BL 11",0,600,35.55,33,19.67,0.96,8.97,0.93,46,19.67,0.96,5.93,4.5,0.653,74,5.49,29.9,1.81,10.25,81.767,0.2134,0.2876,0.1906,0.3084,0.05,261.46,187.92,107.88,0.0137,180,0,210,0.0484,220,180,350,0.0261,3.5,0.3494,15,14.2,16.67,1.7,6.78
"BL 11","WT","training1","             bl11D1Train1_Room_Train","trained","WT_trained","WT_trained_training1","WT_trained_training1_BL 11",0,600,15.99,4,6.87,0.65,13.24,0.25,4,6.87,0.65,2.66,2.61,0.602,351,9.57,63.97,2.32,2,3.333,0.0088,0.3781,0.5622,0.0509,0.69,144.79,231.41,50.23,2e-04,20,170,120,0.0965,130,110,190,3e-04,3.5,0.3898,16.6,16.53,9.38,1.96,8.93
"BL 11","WT","training2","             bl11D1Train2_Room_Train","trained","WT_trained","WT_trained_training2","WT_trained_training2_BL 11",0,600,15.78,4,36.37,0.59,1.75,0.25,4,36.37,0.59,2.63,2.69,0.6374,203,5.13,72.97,1.63,1.54,3.301,0.0081,0.158,0.7058,0.1281,0.66,182.48,258.18,54.32,1e-04,0,210,170,0.0985,190,160,230,0.0023,19.4,0.4394,16.6,16.61,12.54,3.82,20.47
"BL 11","WT","training3","             bl11D1Train3_Room_Train","trained","WT_trained","WT_trained_training3","WT_trained_training3_BL 11",0,600,18.64,8,0.53,0,-1,0.43,8,0.53,0,3.11,3.05,0.6426,210,6.37,211.17,6.41,4.21,7.302,0.018,0.3552,0.529,0.0978,0.49,154.86,223.08,71.48,5e-04,0,210,130,0.0665,190,120,230,4e-04,3.5,0.5997,18,17.19,8.4,1.76,8.39
"BL 11","WT","retention","             bl11D2Retest_Room_Train","trained","WT_trained","WT_trained_retention","WT_trained_retention_BL 11",0.00261,600,18.78,6,23.7,0.88,7.41,0.32,10,23.7,0.88,3.13,3.1,0.5028,212,8.28,60.33,2.39,6.16,19.134,0.0484,0.1017,0.68,0.1699,0.67,196.87,266.55,57.98,9e-04,40,230,190,0.1013,200,170,240,0.0011,11.1,0.4856,16.6,17.06,5.47,0.99,5.88
"BL 12","WT","pretraining","                bl12D1Hab_Room_Control","control","WT_control","WT_control_pretraining","WT_control_pretraining_BL 12",0,600,23.79,22,39.2,1.01,3.38,0.92,60,39.2,1.01,3.97,2.99,0.5932,43,1.18,76.43,2.26,4.56,117.231,0.3017,0.2545,0.2183,0.2256,0.07,26.67,175.44,101.49,0.0144,290,140,350,0.0395,20,290,110,3e-04,19.4,0.2451,13.2,13.72,21.17,1.38,4.97
"BL 12","WT","training1","             bl12D1Train1_Room_Control","control","WT_control","WT_control_training1","WT_control_training1_BL 12",0,600,23.05,16,9.17,0.62,4.96,0.69,36,9.17,0.62,3.84,3,0.5799,94,3.27,86.4,3.07,8.38,68.998,0.1704,0.2616,0.2645,0.3034,0.08,231.46,176.72,109.13,0.0159,10,290,150,0.0472,270,170,340,0.0451,18,0.2399,13.2,13.54,19.72,1.25,4.91
"BL 12","WT","training2","             bl12D1Train2_Room_Control","control","WT_control","WT_control_training2","WT_control_training2_BL 12",0,600,22.22,22,10.93,0.21,2.17,0.99,55,10.93,0.21,3.7,2.89,0.618,68,1.64,25.37,0.63,1.54,111.633,0.2842,0.2159,0.2708,0.2291,0.02,37.3,181.14,102.09,0.0171,310,180,20,0.0477,20,310,140,4e-04,19.4,0.2581,15,14.01,18.49,1.16,4.48
"BL 12","WT","training3","             bl12D1Train3_Room_Control","control","WT_control","WT_control_training3","WT_control_training3_BL 12",0,600,19.18,17,21.2,0.26,1.1,0.89,55,21.2,0.26,3.2,2.54,0.668,83,1.47,32.23,0.49,2.04,101.733,0.244,0.2631,0.2866,0.2063,0.11,104.15,181.34,97.14,0.0141,240,160,20,0.0405,20,350,160,0.0012,19.4,0.3347,16.6,14.41,17.64,1.26,4.81
"BL 12","WT","retention","             bl12D2Retest_Room_Control","control","WT_control","WT_control_retention","WT_control_retention_BL 12",0,600,24.42,18,32,0.9,9.39,0.74,45,32,0.9,4.07,3.15,0.6101,135,5.15,47.03,1.92,7.47,87.197,0.2176,0.2642,0.2903,0.2279,0.08,156.37,184.76,101.36,0.016,330,220,80,0.0383,190,110,290,0.034,18,0.3233,15,13.89,18.35,1.6,6.04
"BL 13","WT","pretraining","                bl13D1Hab_Room_Train","trained","WT_trained","WT_trained_pretraining","WT_trained_pretraining_BL 13",0.00556,600,36.5,33,4.03,0.25,14.57,0.9,53,4.03,0.25,6.08,4.91,0.6611,46,5.14,13.93,1.27,23.07,100.895,0.261,0.2614,0.254,0.2236,0.05,45.06,182.35,101.34,0.0136,160,0,190,0.0473,190,170,10,0.0078,3.5,0.39,18,16.85,14.2,3.02,16.52
"BL 13","WT","training1","             bl13D1Train1_Room_Train","trained","WT_trained","WT_trained_training1","WT_trained_training1_BL 13",0.00828,600,20.87,4,0.53,0,-1,0.19,5,0.53,0,3.48,2.95,0.5816,272,8.21,49.57,2.13,7.97,4.999,0.0144,0.1291,0.6832,0.1732,0.66,182.06,251.89,56.89,3e-04,10,200,150,0.0873,200,140,220,0.0027,8.5,0.4165,19.4,14.96,44.61,1.59,3.71
"BL 13","WT","training2","             bl13D1Train2_Room_Train","trained","WT_trained","WT_trained_training2","WT_trained_training2_BL 13",0.08133,600,17.64,1,84.83,1.98,4.6,0.06,1,84.83,1.98,2.94,2.59,0.6321,515,1.98,599.97,17.64,-1,0.699,0.0025,0.1631,0.5981,0.2363,0.62,192.75,257.92,59.08,0,20,240,190,0.1025,210,170,250,2e-04,3.5,0.4714,18,13.71,51.71,1.09,2.23
"BL 13","WT","training3","             bl13D1Train3_Room_Train","trained","WT_trained","WT_trained_training3","WT_trained_training3_BL 13",0.04633,600,18.02,0,599.97,18.02,-1,0,0,599.97,18.02,3,2.59,0.5849,599,18.02,599.97,18.02,-1,0,0,0.0552,0.6432,0.3016,0.79,208.42,285.15,42.03,0,0,230,190,0.0984,210,180,250,4e-04,11.1,0.4902,18,14.24,49.44,1.28,2.68
"BL 13","WT","retention","             bl13D2Retest_Room_Train","trained","WT_trained","WT_trained_retention","WT_trained_retention_BL 13",0.01283,600,20.87,4,28.3,0.9,11.64,0.19,4,28.3,0.9,3.48,3.13,0.6113,375,12.33,404.17,13.51,8.46,4.364,0.0112,0.1773,0.5808,0.2307,0.59,185.2,253.62,61.25,3e-04,0,220,150,0.0765,170,130,230,0.0084,8.5,0.5175,16.6,16.39,12.29,3.38,20.6
"BL 14","WT","pretraining","                bl14D1Hab_Room_Control","control","WT_control","WT_control_pretraining","WT_control_pretraining_BL 14",0,600,28.43,27,0.77,0,-1,0.95,62,0.77,0,4.74,3.64,0.6335,49,3.39,4.17,0.39,10.92,109.908,0.2647,0.3265,0.2414,0.1673,0.19,65.4,170.1,91.56,0.0101,230,150,20,0.0531,50,330,120,0.0101,19.4,0.3765,16.6,15.48,18.47,2.42,10.12
"BL 14","WT","training1","             bl14D1Train1_Room_Control","control","WT_control","WT_control_training1","WT_control_training1_BL 14",0,600,20.2,18,44.8,1.04,2.88,0.89,43,44.8,1.04,3.37,2.61,0.6387,67,1.68,50.53,1.2,3.54,76.032,0.1937,0.3887,0.2036,0.214,0.21,100.77,185.66,91.78,0.0133,200,150,40,0.0521,110,30,170,0.0234,3.5,0.3258,16.6,15.84,19.15,2.35,9.87
"BL 14","WT","training2","             bl14D1Train2_Room_Control","control","WT_control","WT_control_training2","WT_control_training2_BL 14",0,600,17.29,8,41.87,0.94,4.25,0.46,21,41.87,0.94,2.88,2.32,0.6582,168,5.26,86.57,2.74,1.98,34.734,0.0896,0.3554,0.3264,0.2286,0.28,151.7,198.68,93.08,0.0035,30,200,100,0.0692,140,80,210,0.0067,8.5,0.4433,18,17.16,13.2,3.24,19.1
"BL 14","WT","training3","             bl14D1Train3_Room_Control","control","WT_control","WT_control_training3","WT_control_training3_BL 14",0.01089,600,12.99,12,14.57,0.46,1.69,0.92,43,14.57,0.46,2.16,1.68,0.6701,69,1.53,69.27,1.53,1.63,84.868,0.2073,0.2873,0.2301,0.2753,0.02,192.14,179.83,105.44,0.0172,50,250,90,0.0439,100,60,250,0.0032,8.5,0.4429,16.6,15.85,10.39,1.93,11.85
"BL 14","WT","retention","             bl14D2Retest_Room_Control","control","WT_control","WT_control_retention","WT_control_retention_BL 14",0,600,15.82,15,3.23,0.23,7.63,0.95,54,3.23,0.23,2.64,2.18,0.642,82,3.03,19.7,0.87,4.83,99.335,0.2589,0.2174,0.3033,0.2203,0.04,183.75,184.69,102.65,0.0181,90,300,140,0.0383,150,90,270,0.0133,3.5,0.4232,16.6,15.11,12.96,2.53,11.33
"BL 15","WT","pretraining","                bl15D1Hab_Room_Train","trained","WT_trained","WT_trained_pretraining","WT_trained_pretraining_BL 15",0,600,42.76,32,6.1,0.65,12.07,0.75,44,6.1,0.65,7.13,5.42,0.625,58,5.68,15.57,1.43,9.73,73.165,0.1814,0.2248,0.3065,0.2872,0.1,216.13,184.9,107.31,0.0193,90,310,170,0.0463,170,120,300,0.0221,3.5,0.3002,16.6,15.87,18.4,2.06,8.56
"BL 15","WT","training1","             bl15D1Train1_Room_Train","trained","WT_trained","WT_trained_training1","WT_trained_training1_BL 15",0.053,600,34.77,18,27.07,1.43,3.91,0.52,18,27.07,1.43,5.8,5.12,0.6149,96,3.88,107.17,5.82,8.47,22.298,0.065,0.2379,0.5451,0.152,0.44,162.42,220.64,78.87,0.0024,0,220,140,0.0758,150,120,230,0.0033,3.5,0.3055,16.6,15.42,31.02,2.37,7.84
"BL 15","WT","training2","             bl15D1Train2_Room_Train","trained","WT_trained","WT_trained_training2","WT_trained_training2_BL 15",0.08928,600,19.1,3,24.33,0.53,2.04,0.16,3,24.33,0.53,3.18,3.02,0.6133,246,7.56,108.8,3.45,5,2.802,0.0095,0.4491,0.5396,0.0017,0.77,137.95,226.7,41.11,0,270,150,110,0.11,150,90,160,0.0023,11.1,0.4576,18,14.11,47.72,1.31,2.81
"BL 15","WT","training3","             bl15D1Train3_Room_Train","trained","WT_trained","WT_trained_training3","WT_trained_training3_BL 15",0.01978,600,19.21,3,376.4,11.63,9.44,0.16,3,376.4,11.63,3.2,3,0.6003,376,11.63,435.13,13.77,15.61,2.934,0.0069,0.2674,0.6283,0.0974,0.67,158.1,236.64,54.22,3e-04,350,200,150,0.0934,190,130,210,0.0016,3.5,0.4478,16.6,16.55,9.61,1.48,10.53
"BL 15","WT","retention","             bl15D2Retest_Room_Train","trained","WT_trained","WT_trained_retention","WT_trained_retention_BL 15",0,600,19.16,1,347.53,11.2,3.54,0.05,1,347.53,11.2,3.19,2.99,0.5986,347,11.2,599.97,19.16,-1,1.533,0.0036,0.2378,0.6187,0.1399,0.63,167.19,242.83,57.09,1e-04,0,200,150,0.0837,190,130,210,3e-04,3.5,0.379,16.6,16.61,10.19,1.4,7.27
"BL 16","WT","pretraining","                bl16D1Hab_Room_Control","control","WT_control","WT_control_pretraining","WT_control_pretraining_BL 16",0,600,19.13,22,14.13,0.45,2.31,1.15,63,14.13,0.45,3.19,2.42,0.5914,79,2.41,38.53,0.98,4.07,118.899,0.306,0.2455,0.2378,0.2106,0.05,48.13,173.99,100.78,0.0156,70,330,160,0.0452,330,240,70,0.0013,18,0.266,13.2,12.34,20.93,1.09,3.74
"BL 16","WT","training1","             bl16D1Train1_Room_Control","control","WT_control","WT_control_training1","WT_control_training1_BL 16",0,600,18.09,19,13.37,0.53,7.07,1.05,61,13.37,0.53,3.02,2.35,0.5431,80,3.2,21.83,0.96,8.64,116.401,0.3141,0.2122,0.2438,0.2299,0.06,325.81,169.93,103.92,0.0156,260,90,300,0.0484,300,270,90,0.0041,18,0.3196,15,12.84,18.84,1.38,5.16
"BL 16","WT","training2","             bl16D1Train2_Room_Control","control","WT_control","WT_control_training2","WT_control_training2_BL 16",0,600,16.1,18,2.83,0.05,6.29,1.12,64,2.83,0.05,2.68,2.06,0.5491,104,2.95,19.83,0.68,3.19,120.067,0.2968,0.2782,0.164,0.261,0.18,14.58,161.07,98.78,0.0078,150,70,300,0.0454,40,310,110,0.0025,18,0.3325,13.2,13.32,16.63,1.56,6.02
"BL 16","WT","training3","             bl16D1Train3_Room_Control","control","WT_control","WT_control_training3","WT_control_training3_BL 16",0,600,14.68,20,4.87,0.29,8.6,1.36,69,4.87,0.29,2.45,1.83,0.6171,98,2.09,103.5,2.26,2.82,125.403,0.328,0.2224,0.2522,0.1974,0.1,359.33,173.6,101.57,0.0128,280,100,320,0.0487,320,290,100,0.0087,18,0.5288,15,14.41,15.7,2.27,8.81
"BL 16","WT","retention","             bl16D2Retest_Room_Control","control","WT_control","WT_control_retention","WT_control_retention_BL 16",0,600,16.19,17,3.53,0.19,7.92,1.05,71,3.53,0.19,2.7,2.19,0.5917,81,2.69,63.73,2.09,9.54,130.764,0.3218,0.2486,0.2247,0.2048,0.14,22.83,167.16,98.15,0.0111,240,90,320,0.0456,40,300,100,0.0018,19.4,0.2712,15,14.23,17.08,1.23,5.12
"BL 17","WT","pretraining","                bl17D1Hab_Room_Train","trained","WT_trained","WT_trained_pretraining","WT_trained_pretraining_BL 17",0,600,30.59,28,0.8,0,-1,0.92,47,0.8,0,5.1,3.92,0.6283,63,5.67,13.87,1.08,10.49,74.8,0.1888,0.2365,0.236,0.3387,0.12,257.13,180.39,112.44,0.0106,20,320,190,0.0429,290,190,350,0.0162,18,0.3344,15,13.57,18.64,1.5,5.38
"BL 17","WT","training1","             bl17D1Train1_Room_Train","trained","WT_trained","WT_trained_training1","WT_trained_training1_BL 17",0,600,19.04,5,6.13,0.39,7.27,0.26,6,6.13,0.39,3.17,2.68,0.6093,252,9.73,48.47,2.76,7.76,5.934,0.0144,0.2224,0.5363,0.2269,0.51,176.02,228.33,76.01,6e-04,10,200,130,0.068,170,120,220,0.0284,3.5,0.3162,15,14.13,16.81,1.56,6.43
"BL 17","WT","training2","             bl17D1Train2_Room_Train","trained","WT_trained","WT_trained_training2","WT_trained_training2_BL 17",0,600,15.44,2,500.23,12.75,1.26,0.13,2,500.23,12.75,2.57,2.16,0.5824,500,12.75,554,14.04,1.56,1.733,0.0043,0.2658,0.5469,0.1829,0.55,172.01,240.09,65.07,0,0,210,140,0.0746,200,130,230,0.0047,19.4,0.2881,15,14.78,18.88,1.75,6.95
"BL 17","WT","training3","             bl17D1Train3_Room_Train","trained","WT_trained","WT_trained_training3","WT_trained_training3_BL 17",0,600,15.55,1,546.67,14.04,2.88,0.06,1,546.67,14.04,2.59,2.36,0.5992,546,14.04,599.97,15.55,-1,1.233,0.003,0.1633,0.7366,0.0972,0.74,169.11,256.95,44.1,0,0,190,150,0.1081,160,140,210,1e-04,19.4,0.3896,16.6,16.19,8.74,1.25,10.13
"BL 17","WT","retention","             bl17D2Retest_Room_Train","trained","WT_trained","WT_trained_retention","WT_trained_retention_BL 17",0,600,17.22,3,17.43,0.44,8.98,0.17,3,17.43,0.44,2.87,2.5,0.5533,391,4.39,153.13,5.08,12.19,2.833,0.0066,0.233,0.4945,0.2659,0.56,177.59,247.16,63.25,3e-04,350,210,140,0.0765,200,120,220,7e-04,19.4,0.3757,15,15.87,10.51,2.17,15.21
"BL 18","WT","pretraining","                bl18D1Hab_Room_Control","control","WT_control","WT_control_pretraining","WT_control_pretraining_BL 18",0,600,26.92,35,5.47,0.17,7.32,1.3,85,5.47,0.17,4.49,3.51,0.6032,44,2.09,28.37,1.31,4.22,153.764,0.3954,0.2855,0.1413,0.1779,0.26,25.4,154.31,90.04,0.0116,180,80,330,0.0574,20,320,100,0.0188,19.4,0.2956,16.6,14.82,21.64,1.59,5.33
"BL 18","WT","training1","             bl18D1Train1_Room_Control","control","WT_control","WT_control_training1","WT_control_training1_BL 18",0,600,19.48,26,2.13,0.19,7.47,1.33,89,2.13,0.19,3.25,2.6,0.5867,94,3.33,29.07,1.18,4.47,165.299,0.4046,0.1784,0.2077,0.2092,0.19,344.36,163.05,102.16,0.014,120,30,270,0.0529,20,290,80,0.0123,3.5,0.2519,16.6,15.74,17.97,1.53,6.56
"BL 18","WT","training2","             bl18D1Train2_Room_Control","control","WT_control","WT_control_training2","WT_control_training2_BL 18",0,600,18.85,22,3.6,0.27,11.61,1.17,72,3.6,0.27,3.14,2.45,0.5918,90,3.06,9.8,0.59,7.03,129.97,0.3486,0.3604,0.1612,0.1299,0.36,49.26,157.26,80.63,0.0073,210,100,10,0.0661,50,350,110,0.0084,3.5,0.3635,16.6,16.07,18.97,3.08,15.85
"BL 18","WT","training3","             bl18D1Train3_Room_Control","control","WT_control","WT_control_training3","WT_control_training3_BL 18",0,600,16.04,13,24.07,0.61,7.41,0.81,48,24.07,0.61,2.67,2.13,0.6027,102,2.88,55.9,1.51,1.56,92.234,0.2284,0.2562,0.314,0.2013,0.13,159.63,192.44,98.93,0.011,40,250,120,0.05,160,80,240,9e-04,8.5,0.4023,18,17.16,17.73,4.34,26.57
"BL 18","WT","retention","             bl18D2Retest_Room_Control","control","WT_control","WT_control_retention","WT_control_retention_BL 18",0,600,21.19,20,19.27,0.5,1.1,0.94,58,19.27,0.5,3.53,2.77,0.6153,53,1.23,40.8,0.88,6.51,104.133,0.263,0.2748,0.2201,0.2421,0.05,42.82,178.74,102.1,0.0168,290,200,40,0.0399,70,10,200,0.0222,8.5,0.3074,18,15.83,20.54,2.07,8.07
"BL 19","WT","pretraining","                bl19D1Hab_Room_Train","trained","WT_trained","WT_trained_pretraining","WT_trained_pretraining_BL 19",0,600,29.03,30,13.3,0.45,10.29,1.03,52,13.3,0.45,4.84,3.7,0.5995,46,2.44,20.03,0.89,6.89,90.268,0.2197,0.2123,0.2249,0.3432,0.16,271.48,180.91,114.29,0.0136,130,330,210,0.0513,280,200,350,0.0145,18,0.3079,15,13.24,18.67,1.38,5.24
"BL 19","WT","training1","             bl19D1Train1_Room_Train","trained","WT_trained","WT_trained_training1","WT_trained_training1_BL 19",0,600,18.91,6,5.57,0.28,8.29,0.32,6,5.57,0.28,3.15,2.61,0.6062,230,7.2,104.53,3.19,7.32,5.933,0.0144,0.3476,0.4827,0.1553,0.5,167.81,234.62,68.78,8e-04,350,210,130,0.0654,200,140,250,0.0148,8.5,0.3836,16.6,14.89,16.3,2.88,13.17
"BL 19","WT","training2","             bl19D1Train2_Room_Train","trained","WT_trained","WT_trained_training2","WT_trained_training2_BL 19",0,600,17.72,4,48.13,1.62,2.1,0.23,4,48.13,1.62,2.95,2.77,0.6561,330,9.53,111.87,3.83,3.91,3.665,0.0089,0.2423,0.5259,0.223,0.52,184.73,246.73,67.99,1e-04,10,230,160,0.0772,200,140,240,0.0021,3.5,0.397,16.6,16.08,9.62,1.93,11.62
"BL 19","WT","training3","             bl19D1Train3_Room_Train","trained","WT_trained","WT_trained_training3","WT_trained_training3_BL 19",0,600,17.33,2,49.13,1.92,6.68,0.12,2,49.13,1.92,2.89,2.62,0.6223,545,1.92,54.73,2.23,6.75,1.667,0.0042,0.1314,0.4575,0.4069,0.65,210.47,270.14,58.92,0,0,260,210,0.0942,230,190,270,0.0022,3.5,0.4109,16.6,15.95,9.06,1.91,15.28
"BL 19","WT","retention","             bl19D2Retest_Room_Train","trained","WT_trained","WT_trained_retention","WT_trained_retention_BL 19",0,600,19.9,3,276.07,8.35,3.8,0.15,3,276.07,8.35,3.32,2.85,0.5975,276,8.35,491.87,16.33,1.68,2.833,0.0073,0.0528,0.4089,0.5311,0.67,223.22,252.87,76.19,1e-04,350,260,210,0.0956,240,200,280,0.0012,3.5,0.4538,16.6,15.97,9.91,2.02,11.62
"FMR1 AB","FMR1-KO","pretraining","RoomTrack_fmr1AB_pretraining_20140129_102732.dat","control","FMR1-KO_control","FMR1-KO_control_pretraining","FMR1-KO_control_pretraining_FMR1 AB",0,600,29.95,31,9.98,0.71,4.07,1.04,53,9.98,0.71,4.99,3.7,0.5278,56,4.83,24.32,1.77,12.06,95.818,0.2453,0.3165,0.245,0.1932,0.15,95.24,184,94.31,0.0112,300,150,20,0.047,40,10,170,0.0039,18.5,0.3065,13.5,13.09,17.75,1.17,4.39
"FMR1 AB","FMR1-KO","training1","RoomTrack_fmr1AB_training1_20140129_110313.dat","control","FMR1-KO_control","FMR1-KO_control_training1","FMR1-KO_control_training1_FMR1 AB",0,600,25.94,27,16.31,0.64,7.14,1.04,72,16.31,0.64,4.32,3.21,0.5325,47,2.42,34.56,1.62,12.71,141.418,0.342,0.301,0.162,0.195,0.21,40.52,167.68,93.66,0.0114,210,120,0,0.0485,10,320,110,0.0031,18.5,0.3405,13.5,13.2,16.88,1.32,4.95
"FMR1 AB","FMR1-KO","training2","RoomTrack_fmr1AB_training2_20140129_115151.dat","control","FMR1-KO_control","FMR1-KO_control_training2","FMR1-KO_control_training2_FMR1 AB",0,600,22.83,22,27.46,0.84,6.76,0.96,65,27.46,0.84,3.81,2.76,0.5405,75,1.89,84.77,2.82,5.85,128.742,0.3169,0.235,0.2369,0.2112,0.07,353.26,169.15,102.26,0.0173,80,10,210,0.0402,350,260,80,0.0036,18.5,0.3286,13.5,12.74,17.95,1.2,4.52
"FMR1 AB","FMR1-KO","training3","RoomTrack_fmr1AB_training3_20140129_124720.dat","control","FMR1-KO_control","FMR1-KO_control_training3","FMR1-KO_control_training3_FMR1 AB",0,600,19.09,14,12.28,0.23,2.65,0.73,41,12.28,0.23,3.18,2.29,0.5583,113,3.29,41.97,0.83,4.67,76.868,0.1849,0.1958,0.2857,0.3337,0.15,236.37,195.28,110.16,0.0163,0,300,180,0.0497,250,160,320,0.0025,18.5,0.3923,13.5,13.96,14.5,1.71,7.92
"FMR1 AB","FMR1-KO","retention","RoomTrack_fmr1AB_retention_20140130_102946.dat","control","FMR1-KO_control","FMR1-KO_control_retention","FMR1-KO_control_retention_FMR1 AB",0,600,20.7,11,84.17,2.18,5.11,0.53,30,84.17,2.18,3.45,2.58,0.5487,119,3.34,203.51,6.18,2.25,57.353,0.1454,0.1409,0.3163,0.3974,0.36,229.08,223.31,102.6,0.0108,20,270,190,0.0776,230,180,290,1e-04,18.5,0.4452,15.4,14.17,15.63,2.12,8.31
"FMR1 A","FMR1-KO","pretraining","RoomTrack_fmr1A_pretraining_20140121_110541.dat","control","FMR1-KO_control","FMR1-KO_control_pretraining","FMR1-KO_control_pretraining_FMR1 A",0,600,16.67,21,0.5,0,-1,1.26,57,0.5,0,2.78,2.28,0.4708,54,0.36,43.37,0.29,0.89,116.699,0.2964,0.2251,0.2494,0.2291,0.07,314.08,170.04,104.56,0.0192,240,90,300,0.0485,340,260,80,0.0309,17,0.3196,3.6,10.44,27.43,0.4,1.67
"FMR1 A","FMR1-KO","training1","RoomTrack_fmr1A_training1_20140121_120419.dat","control","FMR1-KO_control","FMR1-KO_control_training1","FMR1-KO_control_training1_FMR1 A",0,600,31.45,30,0.5,0,-1,0.95,46,0.5,0,5.24,3.93,0.5448,83,4.74,24.32,1.6,13.67,82.04,0.2115,0.2932,0.3171,0.1782,0.09,132.51,183.92,98.39,0.015,270,120,320,0.0421,320,290,120,2e-04,18.5,0.3344,13.5,13.42,18.25,1.7,6.14
"FMR1 A","FMR1-KO","training2","RoomTrack_fmr1A_training2_20140121_130141.dat","control","FMR1-KO_control","FMR1-KO_control_training2","FMR1-KO_control_training2_FMR1 A",0,600,26.2,30,0.5,0,-1,1.14,61,0.5,0,4.37,3.47,0.5213,50,2.2,22.79,0.81,9.84,113.565,0.2897,0.2395,0.2306,0.2402,0.06,337.73,180.21,104.92,0.0128,90,70,280,0.042,320,270,90,1e-04,18.5,0.2782,13.5,11.07,23.3,0.62,2.43
"FMR1 A","FMR1-KO","training3","RoomTrack_fmr1A_training3_20140121_135323.dat","control","FMR1-KO_control","FMR1-KO_control_training3","FMR1-KO_control_training3_FMR1 A",0,600,22.63,22,66.59,2.15,7.38,0.97,41,66.59,2.15,3.77,2.98,0.538,66,2.15,84.57,2.84,3.86,79.809,0.1861,0.2035,0.364,0.2464,0.18,204.47,202.32,103.09,0.0167,60,270,150,0.0516,200,130,280,0.0249,17,0.2501,13.5,10.84,25.74,0.69,2.39
"FMR1 A","FMR1-KO","retention","RoomTrack_fmr1A_reten_20140122_105316.dat","control","FMR1-KO_control","FMR1-KO_control_retention","FMR1-KO_control_retention_FMR1 A",0,600,29.36,36,4.87,0.28,12.63,1.23,68,4.87,0.28,4.89,3.78,0.556,43,2.99,11.84,0.91,11.65,120.407,0.3077,0.2409,0.1932,0.2583,0.1,324.77,169.46,106.23,0.017,150,20,240,0.0454,320,230,40,0.0027,17,0.2823,11.4,9.99,21.16,0.51,2.47
"FMR1 B","FMR1-KO","pretraining","RoomTrack_fmr1B_pretraining_20140122_115350.dat","trained","FMR1-KO_trained","FMR1-KO_trained_pretraining","FMR1-KO_trained_pretraining_FMR1 B",0,600,25.98,31,5.04,0.37,13.85,1.19,59,5.04,0.37,4.33,3.26,0.5027,48,3.05,8.04,0.63,7.96,105.19,0.2719,0.1579,0.2308,0.3395,0.18,300.77,161.98,110.23,0.0118,90,330,200,0.0553,290,240,40,0.0545,17,0.2763,13.5,12.19,21.16,1.01,3.49
"FMR1 B","FMR1-KO","training1","RoomTrack_fmr1B_training1_20140122_124706.dat","trained","FMR1-KO_trained","FMR1-KO_trained_training1","FMR1-KO_trained_training1_FMR1 B",0,600,21.14,10,11.34,0.19,1.05,0.47,10,11.34,0.19,3.52,2.84,0.5078,138,3.83,73,1.68,4.83,11.844,0.0306,0.4585,0.3655,0.1454,0.48,136.03,205.75,75.42,8e-04,0,160,100,0.0776,110,90,180,1e-04,18.5,0.3822,15.4,13.69,17.56,1.4,5.08
"FMR1 B","FMR1-KO","training2","RoomTrack_fmr1B_training2_20140122_133817.dat","trained","FMR1-KO_trained","FMR1-KO_trained_training2","FMR1-KO_trained_training2_FMR1 B",0,600,23.42,13,5.24,0.05,1.94,0.56,15,5.24,0.05,3.9,3.46,0.5898,213,7.6,25.52,0.62,2.16,18.014,0.045,0.64,0.2747,0.0403,0.67,111.72,202.15,53.2,1e-04,340,130,80,0.0921,120,60,140,1e-04,19.8,0.4737,17,15.69,13.31,2.98,15.1
"FMR1 B","FMR1-KO","training3","RoomTrack_fmr1B_training3_20140122_143940.dat","trained","FMR1-KO_trained","FMR1-KO_trained_training3","FMR1-KO_trained_training3_FMR1 B",0,600,20.26,13,0.5,0,-1,0.64,13,0.5,0,3.38,3.01,0.6349,118,4.23,14.28,0.59,2.39,14.212,0.0369,0.3629,0.5233,0.0769,0.55,144.59,226.21,61.78,1e-04,330,180,110,0.0687,160,90,190,0.0032,3.6,0.7058,17,16.56,8.66,3.88,28.01
"FMR1 B","FMR1-KO","retention","RoomTrack_fmr1B_retention_20140123_111551.dat","trained","FMR1-KO_trained","FMR1-KO_trained_retention","FMR1-KO_trained_retention_FMR1 B",0,600,19.2,15,78.83,2.65,7.04,0.78,36,78.83,2.65,3.2,2.8,0.4874,119,4.33,197.87,7.3,5.13,74.461,0.1814,0.2118,0.2633,0.3435,0.17,232.32,200.58,109.19,0.0137,20,300,170,0.0516,240,160,320,0.0021,18.5,0.3137,15.4,12.73,27.86,1.15,3.07
"FMR1 C","FMR1-KO","pretraining","RoomTrack_fmr1C_pretraining_20140127_110039.dat","trained","FMR1-KO_trained","FMR1-KO_trained_pretraining","FMR1-KO_trained_pretraining_FMR1 C",0,600,23.66,22,12.18,0.47,5.48,0.93,50,12.18,0.47,3.94,2.86,0.517,87,4.42,20.92,0.87,9.09,97.947,0.2333,0.2053,0.2645,0.2969,0.08,223.82,186.72,107.65,0.0148,70,10,210,0.038,290,140,310,0.0187,18.5,0.2753,15.4,12.49,24.65,0.95,3.04
"FMR1 C","FMR1-KO","training1","RoomTrack_fmr1C_training1_20140127_111420.dat","trained","FMR1-KO_trained","FMR1-KO_trained_training1","FMR1-KO_trained_training1_FMR1 C",0,600,21.91,10,13.81,0.3,3.65,0.46,13,13.81,0.3,3.65,3.28,0.5473,272,10.08,62.29,1.87,3.7,16.115,0.0378,0.0854,0.1975,0.6793,0.6,245.4,233.14,104.87,0.001,0,270,230,0.1173,260,220,290,0.0076,3.6,0.4616,15.4,15.46,12.3,2.54,10.95
"FMR1 C","FMR1-KO","training2","RoomTrack_fmr1C_training2_20140127_120928.dat","trained","FMR1-KO_trained","FMR1-KO_trained_training2","FMR1-KO_trained_training2_FMR1 C",0,600,23.53,6,32.96,0.91,2.37,0.25,7,32.96,0.91,3.92,3.59,0.6509,162,6.03,48.51,1.55,2.85,11.678,0.0301,0.2341,0.2922,0.4436,0.32,199.54,215.75,98.75,3e-04,340,270,160,0.054,250,180,310,6e-04,19.8,0.6242,17,16.81,5.94,2.37,26.34
"FMR1 C","FMR1-KO","training3","RoomTrack_fmr1C_training3_20140127_130003.dat","trained","FMR1-KO_trained","FMR1-KO_trained_training3","FMR1-KO_trained_training3_FMR1 C",0,600,27.35,6,72.13,2.51,2.22,0.22,7,72.13,2.51,4.56,4.55,0.7018,177,6.84,179.52,6.89,2.67,10.675,0.0269,0.0824,0.356,0.5346,0.55,234.61,222.48,109.37,2e-04,0,270,200,0.0688,250,190,290,4e-04,8.7,0.7759,17,16.9,5.15,3.64,45.73
"FMR1 C","FMR1-KO","retention","RoomTrack_fmr1C_retention_20140128_111745.dat","trained","FMR1-KO_trained","FMR1-KO_trained_retention","FMR1-KO_trained_retention_FMR1 C",0,600,21.11,11,9.18,0.58,28.05,0.52,35,9.18,0.58,3.52,3.15,0.5389,156,6.16,91.81,3.97,2.58,70.727,0.1887,0.0274,0.1202,0.6636,0.67,287.1,134.94,117.77,0.0021,100,320,280,0.0969,300,260,330,6e-04,8.7,0.6013,17,16.53,7.27,1.14,5.14
"FMR1 E","FMR1-KO","pretraining","RoomTrack_fmr1E_pretraining_20140218_115807.dat","control","FMR1-KO_control","FMR1-KO_control_pretraining","FMR1-KO_control_pretraining_FMR1 E",0,600,29.25,29,12.34,0.86,8.94,0.99,55,12.34,0.86,4.88,3.62,0.5665,67,3.63,79.64,4.32,4.84,106.524,0.2766,0.2682,0.2204,0.2348,0.08,29.5,173.98,100.88,0.0165,160,70,280,0.044,50,330,150,0.0222,18.5,0.2821,15.4,13.16,20.53,1.16,4.06
"FMR1 E","FMR1-KO","training1","RoomTrack_fmr1E_training1_20140218_123458.dat","control","FMR1-KO_control","FMR1-KO_control_training1","FMR1-KO_control_training1_FMR1 E",0,600,19.14,21,11.78,0.13,2.46,1.1,61,11.78,0.13,3.19,2.33,0.5592,62,1.99,39.23,1.18,8.38,118.57,0.2971,0.2985,0.2477,0.1567,0.13,79.34,178.11,94.39,0.0132,280,120,340,0.0402,340,300,120,0.0018,18.5,0.224,13.5,11.64,23.16,0.62,2.64
"FMR1 E","FMR1-KO","training2","RoomTrack_fmr1E_training2_20140218_132827.dat","control","FMR1-KO_control","FMR1-KO_control_training2","FMR1-KO_control_training2_FMR1 E",0,600,18.93,20,11.38,0.57,7.25,1.06,45,11.38,0.57,3.16,2.33,0.5576,62,1.54,16.65,0.73,1.29,84.438,0.2114,0.1693,0.3045,0.3148,0.17,244.83,185.03,112.74,0.0107,60,320,190,0.0504,310,180,340,0.0028,18.5,0.2727,13.5,12.06,23.15,1.03,3.37
"FMR1 E","FMR1-KO","training3","RoomTrack_fmr1E_training3_20140218_141516.dat","control","FMR1-KO_control","FMR1-KO_control_training3","FMR1-KO_control_training3_FMR1 E",0,600,19.61,19,18.72,0.69,2.89,0.97,45,18.72,0.69,3.27,2.36,0.5974,85,3.02,48.01,1.62,2.31,84.373,0.206,0.2379,0.2881,0.268,0.1,174.34,196.67,101.25,0.0112,330,260,120,0.0375,160,90,260,1e-04,18.5,0.2856,13.5,12.45,19.76,0.9,3.5
"FMR1 E","FMR1-KO","retention","RoomTrack_fmr1E_retention_20140219_122908.dat","control","FMR1-KO_control","FMR1-KO_control_retention","FMR1-KO_control_retention_FMR1 E",0,600,21,23,11.04,0.67,10.19,1.1,57,11.04,0.67,3.5,2.55,0.6267,66,2.33,50.74,1.86,3.3,111.661,0.2778,0.2409,0.2674,0.2139,0.01,113.6,186.61,101.88,0.018,300,230,70,0.0378,210,100,290,0.0364,17,0.4133,15.4,13.38,18.64,2.02,7.12
"FMR1 F","FMR1-KO","pretraining","RoomTrack_fmr1F_pretraining_20140220_114049.dat","trained","FMR1-KO_trained","FMR1-KO_trained_pretraining","FMR1-KO_trained_pretraining_FMR1 F",0,600,28.23,32,9.71,0.69,7.11,1.13,71,9.71,0.69,4.7,3.5,0.5937,50,2.91,15.38,1.16,11.87,128.441,0.3063,0.1821,0.2536,0.258,0.11,303.5,171.82,108.13,0.0137,130,330,190,0.0431,190,160,340,0.0012,18.5,0.3194,13.5,12.49,20.03,1.09,3.91
"FMR1 F","FMR1-KO","training1","RoomTrack_fmr1F_training1_20140220_120605.dat","trained","FMR1-KO_trained","FMR1-KO_trained_training1","FMR1-KO_trained_training1_FMR1 F",0,600,19.73,18,0.5,0,-1,0.91,21,0.5,0,3.29,2.6,0.6274,74,2.73,31.96,1.35,2.32,31.457,0.0806,0.4399,0.3597,0.1197,0.42,129.66,211.25,74.04,0.0026,340,170,80,0.0564,130,60,180,0.0176,3.6,0.308,17,14.84,15.25,1.49,5.88
"FMR1 F","FMR1-KO","training2","RoomTrack_fmr1F_training2_20140220_125600.dat","trained","FMR1-KO_trained","FMR1-KO_trained_training2","FMR1-KO_trained_training2_FMR1 F",0,600,22.24,15,43.3,1.41,3.2,0.67,15,43.3,1.41,3.71,3.04,0.5883,82,2.93,52.11,1.8,2.67,15.651,0.0417,0.8067,0.1315,0.0202,0.74,99.4,192.26,45.64,2e-04,320,120,80,0.1006,110,70,140,0.0152,3.6,0.5453,17,15.83,15.18,2.41,10.02
"FMR1 F","FMR1-KO","training3","RoomTrack_fmr1F_training3_20140220_134837.dat","trained","FMR1-KO_trained","FMR1-KO_trained_training3","FMR1-KO_trained_training3_FMR1 F",0,600,24.28,22,46.47,1.55,2.68,0.91,22,46.47,1.55,4.05,3.56,0.6375,62,2.18,64.46,2.25,3.12,24.225,0.0648,0.6458,0.2051,0.0843,0.55,97.02,188.47,65.63,5e-04,340,110,50,0.0789,70,30,120,0.0124,8.7,0.5883,17,16.16,12.41,3.28,17.19
"FMR1 F","FMR1-KO","retention","RoomTrack_fmr1F_retention_20140221_112510.dat","trained","FMR1-KO_trained","FMR1-KO_trained_retention","FMR1-KO_trained_retention_FMR1 F",0,600,22.06,23,3.47,0.27,9,1.04,61,3.47,0.27,3.68,2.78,0.6031,49,1.91,52.45,1.99,2.62,123.075,0.3081,0.2754,0.1609,0.2556,0.12,7.88,163.13,100.56,0.0136,200,70,290,0.0377,300,240,50,0.0041,18.5,0.3368,15.4,13.27,18.28,1.72,6.38
"FMR1 G","FMR1-KO","pretraining","RoomTrack_fmr1G_pretraining_20140224_112133.dat","control","FMR1-KO_control","FMR1-KO_control_pretraining","FMR1-KO_control_pretraining_FMR1 G",0,600,30.12,31,13.21,0.56,6.93,1.03,59,13.21,0.56,5.02,3.63,0.596,46,2.6,20.25,1.02,9.71,115.295,0.291,0.2526,0.267,0.1895,0.06,85.45,179.15,98.65,0.0176,270,130,340,0.0408,340,300,130,0.0045,18.5,0.3326,15.4,13.15,19.76,1.45,4.98
"FMR1 G","FMR1-KO","training1","RoomTrack_fmr1G_training1_20140224_113309.dat","control","FMR1-KO_control","FMR1-KO_control_training1","FMR1-KO_control_training1_FMR1 G",0,600,27.03,29,21.15,0.9,9.3,1.07,61,21.15,0.9,4.51,3.32,0.5921,53,2.37,30.09,1.32,6.44,115.203,0.2911,0.2245,0.2062,0.2781,0.09,330.07,169.68,105.72,0.0124,200,50,270,0.0406,340,220,30,0.0175,18.5,0.3131,15.4,13.01,22.31,1.38,4.6
"FMR1 G","FMR1-KO","training2","RoomTrack_fmr1G_training2_20140224_122145.dat","control","FMR1-KO_control","FMR1-KO_control_training2","FMR1-KO_control_training2_FMR1 G",0,600,26.78,34,0.5,0,-1,1.27,73,0.5,0,4.46,3.31,0.6112,81,3.69,13.95,0.53,5.23,133.619,0.3371,0.1997,0.2235,0.2398,0.1,329.95,167.2,104.28,0.0168,270,70,290,0.0393,0,270,80,0.0157,18.5,0.2606,13.5,12.86,22.55,1.15,3.86
"FMR1 G","FMR1-KO","training3","RoomTrack_fmr1G_training3_20140224_131258.dat","control","FMR1-KO_control","FMR1-KO_control_training3","FMR1-KO_control_training3_FMR1 G",0,600,23.94,29,8.24,0.31,8.27,1.21,55,8.24,0.31,3.99,2.95,0.6427,46,2.03,18.55,0.83,10.46,102.221,0.2619,0.251,0.2437,0.2434,0.05,359.51,172.14,102.92,0.019,180,70,280,0.0403,320,260,80,0.0152,18.5,0.2961,15.4,12.98,21.72,1.36,4.53
"FMR1 G","FMR1-KO","retention","RoomTrack_fmr1G_retention_20140225_115112.dat","control","FMR1-KO_control","FMR1-KO_control_retention","FMR1-KO_control_retention_FMR1 G",0,600,34.65,30,0.77,0,-1,0.87,56,0.77,0,5.78,4.44,0.6122,59,3.96,21.99,1.25,12.62,109.296,0.2766,0.2033,0.2732,0.2469,0.02,234.23,183.07,104,0.0174,90,10,210,0.0389,10,250,90,0.0213,18.5,0.2798,15.4,13.05,22.44,1.21,3.91
"FMR1 H","FMR1-KO","pretraining","RoomTrack_fmr1H_pretraining_20140225_120944.dat","trained","FMR1-KO_trained","FMR1-KO_trained_pretraining","FMR1-KO_trained_pretraining_FMR1 H",0,600,28.81,29,15.38,0.68,6.89,1.01,60,15.38,0.68,4.8,3.45,0.5957,79,4.55,24.82,1.29,5.47,114.498,0.2846,0.2096,0.27,0.2358,0.01,65.26,181.37,102.4,0.0201,100,350,180,0.0354,350,270,100,0.007,18.5,0.2674,15.4,12.87,22.18,1.22,4.04
"FMR1 H","FMR1-KO","training1","RoomTrack_fmr1H_training1_20140225_123103.dat","trained","FMR1-KO_trained","FMR1-KO_trained_training1","FMR1-KO_trained_training1_FMR1 H",0,600,21.62,10,1.47,0.07,5.67,0.46,14,1.47,0.07,3.6,2.92,0.5995,140,4.96,66.99,2.44,3.09,22.282,0.054,0.2334,0.5949,0.1177,0.55,172.98,245.64,64.13,0.0019,340,220,160,0.0848,200,140,230,0.0054,18.5,0.2618,15.4,13.66,21.39,1.4,4.85
"FMR1 H","FMR1-KO","training2","RoomTrack_fmr1H_training2_20140225_135538.dat","trained","FMR1-KO_trained","FMR1-KO_trained_training2","FMR1-KO_trained_training2_FMR1 H",0,600,20.06,2,134.88,5.17,7.21,0.1,2,134.88,5.17,3.34,2.54,0.5674,367,5.17,232.63,8.33,5.18,2.235,0.0057,0.1165,0.7512,0.1267,0.73,186.99,265.71,47.54,2e-04,0,210,170,0.1047,200,160,230,2e-04,18.5,0.4249,17,14.98,16.36,1.93,6.88
"FMR1 H","FMR1-KO","training3","RoomTrack_fmr1H_training3_20140225_141035.dat","trained","FMR1-KO_trained","FMR1-KO_trained_training3","FMR1-KO_trained_training3_FMR1 H",0,600,21.14,14,13.35,0.34,3.27,0.66,20,13.35,0.34,3.52,2.76,0.5672,160,4.89,173.48,5.4,4.01,33.728,0.0839,0.5203,0.3472,0.0487,0.54,120.08,201.56,66.43,0.0023,270,150,80,0.0811,120,70,170,0.0309,11.4,0.5347,17,15.42,18.17,2.59,10.16
"FMR1 H","FMR1-KO","retention","RoomTrack_frm1H_retention_20140226_111535.dat","trained","FMR1-KO_trained","FMR1-KO_trained_retention","FMR1-KO_trained_retention_FMR1 H",0,600,24.62,20,15.31,0.7,10.17,0.81,41,15.31,0.7,4.1,3.07,0.5814,70,3.04,37.4,1.69,2.53,79.4,0.1973,0.2821,0.3341,0.1866,0.13,148.16,185.64,98.32,0.0125,30,210,80,0.0491,110,70,230,0.003,18.5,0.2679,15.4,12.63,22.87,1.04,3.27
"FMR1 I","FMR1-KO","pretraining","RoomTrack_fmr1I_pretraining_20140226_104312.dat","control","FMR1-KO_control","FMR1-KO_control_pretraining","FMR1-KO_control_pretraining_FMR1 I",0,600,24.72,24,22.05,0.91,8.96,0.97,47,22.05,0.91,4.12,3,0.5807,55,2.57,52.18,2.5,5.83,90.375,0.227,0.2494,0.2738,0.2498,0.07,205.14,184.39,105.2,0.0137,50,280,130,0.0403,190,170,350,6e-04,18.5,0.2979,13.5,12.54,20.55,1.18,3.9
"FMR1 I","FMR1-KO","training1","RoomTrack_fmr1I_training1_20140226_113547.dat","control","FMR1-KO_control","FMR1-KO_control_training1","FMR1-KO_control_training1_FMR1 I",0,600,19.97,27,3,0.09,3.35,1.35,58,3,0.09,3.33,2.42,0.5638,55,2,19.58,0.7,3.54,109.132,0.2578,0.1948,0.2994,0.248,0.09,249.04,177.93,107.77,0.011,40,310,170,0.0407,170,90,280,0.0013,18.5,0.2405,3.6,10.31,24.52,0.52,2.42
"FMR1 I","FMR1-KO","training2","RoomTrack_fmr1I_training2_20140226_120520.dat","control","FMR1-KO_control","FMR1-KO_control_training2","FMR1-KO_control_training2_FMR1 I",0,600,17.29,25,1.2,0.11,10.77,1.45,58,1.2,0.11,2.88,2.16,0.5507,57,2.2,17.61,0.87,10.27,108.694,0.2712,0.2192,0.2458,0.2638,0.07,284.6,175.34,107.39,0.0169,70,350,210,0.0392,350,190,10,2e-04,18.5,0.3327,3.6,9.91,24.33,0.18,1.9
"FMR1 I","FMR1-KO","training3","RoomTrack_fmr1I_training3_20140226_125554.dat","control","FMR1-KO_control","FMR1-KO_control_training3","FMR1-KO_control_training3_FMR1 I",0,600,17.4,22,14.01,0.17,1.79,1.26,54,14.01,0.17,2.9,2.12,0.5919,64,0.73,57.32,0.64,1.48,102.063,0.2565,0.2256,0.2188,0.2991,0.07,313.94,178.32,107.57,0.0207,180,30,240,0.0409,30,270,90,0.0152,17,0.2473,3.6,10.07,23.28,0.23,2.1
"FMR1 I","FMR1-KO","retention","RoomTrack_fmr1I_retention_20140227_095631.dat","control","FMR1-KO_control","FMR1-KO_control_retention","FMR1-KO_control_retention_FMR1 I",0,600,22.88,25,10.51,0.49,10.92,1.09,66,10.51,0.49,3.81,2.87,0.5539,67,3.01,12.81,0.62,2.67,130.65,0.3103,0.1911,0.2413,0.2573,0.08,317.04,170.73,106.12,0.0153,240,50,270,0.0471,280,240,50,0.0085,18.5,0.3201,15.4,13.23,21.12,1.37,4.5
"FMR1 J","FMR1-KO","pretraining","RoomTrack_fmr1J_pretraining_20140304_124623.dat","trained","FMR1-KO_trained","FMR1-KO_trained_pretraining","FMR1-KO_trained_pretraining_FMR1 J",0,600,26.64,26,1.3,0.06,7.45,0.98,52,1.3,0.06,4.44,3.12,0.6046,53,2.96,24.35,1.4,4.75,98.42,0.2446,0.2784,0.2667,0.2103,0.03,154.11,182.27,102.27,0.0176,60,220,70,0.0431,220,120,310,1e-04,18.5,0.3185,13.5,12.07,21.26,1.07,3.62
"FMR1 J","FMR1-KO","training1","RoomTrack_fmr1J_training1_20140304_130622.dat","trained","FMR1-KO_trained","FMR1-KO_trained_training1","FMR1-KO_trained_training1_FMR1 J",0,600,18.97,12,12.28,0.58,6.37,0.63,14,12.28,0.58,3.16,2.55,0.6323,118,3.68,58.78,1.89,1.06,18.783,0.0475,0.4289,0.4591,0.0646,0.59,133.31,219.91,58.84,6e-04,340,170,110,0.0719,150,90,180,0.0033,18.5,0.3924,15.4,13.74,18.22,1.84,7.06
"FMR1 J","FMR1-KO","training2","RoomTrack_fmr1J_training2_20140304_141430.dat","trained","FMR1-KO_trained","FMR1-KO_trained_training2","FMR1-KO_trained_training2_FMR1 J",0,600,19.71,13,38.57,1.02,2.05,0.66,14,38.57,1.02,3.29,2.75,0.6676,303,1.48,52.51,1.65,10.65,18.048,0.0472,0.4412,0.48,0.0315,0.61,132.89,219.52,56.65,0.0011,350,170,110,0.0793,130,90,180,2e-04,18.5,0.4013,15.4,13.7,16.72,1.8,6.24
"FMR1 J","FMR1-KO","training3","RoomTrack_fmr1J_training3_20140304_143523.dat","trained","FMR1-KO_trained","FMR1-KO_trained_training3","FMR1-KO_trained_training3_FMR1 J",0,600,19.9,7,22.35,0.6,10.1,0.35,7,22.35,0.6,3.32,2.85,0.6894,246,8.53,31.46,0.98,3.98,8.641,0.0215,0.394,0.5368,0.0478,0.6,143.92,229.37,56.83,5e-04,320,190,120,0.068,170,110,210,0.0108,18.5,0.3873,15.4,14.97,15.68,2.38,10.12
"FMR1 J","FMR1-KO","retention","RoomTrack_fmr1J_retention_20140305_130644.dat","trained","FMR1-KO_trained","FMR1-KO_trained_retention","FMR1-KO_trained_retention_FMR1 J",0,600,17.32,5,246.88,6.94,10.33,0.29,9,246.88,6.94,2.89,2.18,0.621,246,6.94,348.1,9.87,1.7,13.946,0.0347,0.2625,0.6412,0.0616,0.62,152.78,232.43,58.01,0.0019,330,190,140,0.0884,160,120,200,1e-04,18.5,0.3403,17,14.87,13.89,1.78,7.6
"FMR1 K","FMR1-KO","pretraining","RoomTrack_fmr1K_pretraining_20140306_120702.dat","control","FMR1-KO_control","FMR1-KO_control_pretraining","FMR1-KO_control_pretraining_FMR1 K",5e-04,600,34.61,40,6.41,0.59,10.53,1.16,59,6.41,0.59,5.77,4.05,0.6022,37,3.57,21.42,2.19,9.42,102.391,0.2459,0.269,0.2716,0.2135,0.08,107.72,180.7,98.98,0.0164,220,140,350,0.0393,350,300,130,1e-04,19.8,0.3117,15.4,12.69,21.31,1.16,3.7
"FMR1 K","FMR1-KO","training1","RoomTrack_fmr1K_training1_20140306_122656.dat","control","FMR1-KO_control","FMR1-KO_control_training1","FMR1-KO_control_training1_FMR1 K",0,600,26.45,28,29.56,1.12,9.4,1.06,51,29.56,1.12,4.41,3.19,0.6059,57,2.31,55.38,2.17,4.96,90.914,0.2335,0.267,0.2973,0.2022,0.05,154.38,179.4,101.24,0.0157,280,120,310,0.0419,120,60,240,0.0118,18.5,0.2827,13.5,12.37,21.74,0.88,3.29
"FMR1 K","FMR1-KO","training2","RoomTrack_fmr1K_training2_20140306_131736.dat","control","FMR1-KO_control","FMR1-KO_control_training2","FMR1-KO_control_training2_FMR1 K",0,600,27.87,30,4.44,0.22,13,1.08,68,4.44,0.22,4.64,3.43,0.6257,66,2.83,13.35,0.77,11.78,132.85,0.3404,0.2315,0.2433,0.1848,0.1,13.51,165.29,98.75,0.0164,250,90,310,0.0435,320,270,80,0.0186,18.5,0.288,15.4,13.46,19.82,1.25,4.45
"FMR1 K","FMR1-KO","training3","RoomTrack_fmr1K_training3_20140306_135953.dat","control","FMR1-KO_control","FMR1-KO_control_training3","FMR1-KO_control_training3_FMR1 K",0,600,24.99,29,0.5,0,-1,1.16,45,0.5,0,4.16,3.1,0.5871,52,1.75,11.34,0.37,10.74,87.042,0.2359,0.2773,0.2749,0.212,0.11,102.12,181.38,96.86,0.0182,230,170,30,0.0472,120,50,230,7e-04,18.5,0.2985,15.4,13.24,18.89,1.29,4.65
"FMR1 K","FMR1-KO","retention","RoomTrack_fmr1K_retention_20140307_105231.dat","control","FMR1-KO_control","FMR1-KO_control_retention","FMR1-KO_control_retention_FMR1 K",0,600,27.62,27,5.61,0.34,7.26,0.98,57,5.61,0.34,4.6,3.36,0.6106,67,3.86,20.75,1.25,10.33,101.752,0.263,0.3306,0.2049,0.2015,0.09,78.4,178.66,97.69,0.0146,170,130,350,0.0417,110,350,160,0.0088,18.5,0.2926,13.5,13.09,21.41,1.29,4.3
"BL A","WT","pretraining","RoomTrack_wildtypeA_pretrain_20140123_110345.dat","trained","WT_trained","WT_trained_pretraining","WT_trained_pretraining_BL A",0,600,23.01,16,10.94,0.7,11.91,0.7,26,10.94,0.7,3.84,2.83,0.501,139,6.77,18.15,1.4,14.43,45.037,0.1153,0.1556,0.2787,0.4504,0.35,239.12,202.22,117.5,0.0074,30,300,210,0.0607,250,200,320,0.0587,17,0.3206,13.5,12.14,20.11,0.93,3.47
"BL A","WT","training1","RoomTrack_wildtypeA_training1_20140123_112924.dat","trained","WT_trained","WT_trained_training1","WT_trained_training1_BL A",0,600,17.24,8,9.07,0.24,3.02,0.46,9,9.07,0.24,2.87,2.2,0.5186,168,4.64,70.89,2.06,4.54,11.009,0.0295,0.271,0.365,0.3346,0.41,184.68,232.52,81,9e-04,340,240,140,0.0685,240,150,280,0.0088,18.5,0.4091,15.4,13.46,18.93,1.19,3.9
"BL A","WT","training2","RoomTrack_wildtypeA_training2_20140123_120707.dat","trained","WT_trained","WT_trained_training2","WT_trained_training2_BL A",0,600,16.77,12,1.77,0,1.82,0.72,12,1.77,0,2.8,2.3,0.5817,364,0.72,33.83,0.42,1.05,12.98,0.0339,0.3471,0.5003,0.1187,0.46,161.68,241.02,67.01,0,350,240,160,0.0763,200,140,250,0.0052,11.4,0.432,17,15.23,21.78,2.64,9.26
"BL A","WT","training3","RoomTrack_wildtypeA_training3_20140123_130129.dat","trained","WT_trained","WT_trained_training3","WT_trained_training3_BL A",0,600,18.21,3,14.15,0.09,0.74,0.16,4,14.15,0.09,3.03,2.39,0.5882,505,1.31,53.85,1.66,2.85,5.237,0.0125,0.2135,0.5922,0.1818,0.59,176.35,252.09,59.36,0,310,210,150,0.078,190,140,230,2e-04,8.7,0.6272,17,16.67,13.09,4.86,28.92
"BL A","WT","retention","RoomTrack_wildtypeA_retention_20140124_105250.dat","trained","WT_trained","WT_trained_retention","WT_trained_retention_BL A",0,600,19.28,11,96.32,2.66,2.7,0.57,19,96.32,2.66,3.21,2.43,0.5027,155,4.34,178.42,5.22,3.26,35.399,0.0902,0.1508,0.2144,0.5446,0.41,256.2,185.39,129.6,0.0025,350,320,250,0.0702,280,230,330,0.0051,11.4,0.5903,17,16.32,5.61,1.04,5.97
