Tube,Mouse,Slice,Punch,Date,ready.time,start.time,Slice.collector,storagebox,notes.x
BEP,16-116A,1,slice,6/24/16,12:00,12:35,MK,Slices Box 1,
BEQ,16-116A,2,slice,6/24/16,12:00,12:35,MK,Slices Box 1,
BER,16-116A,3,slice,6/24/16,12:00,12:35,MK,Slices Box 1,
BES,16-116A,4,slice,6/24/16,12:00,12:35,MK,Slices Box 1,
BFN,16-116B,1,slice,6/24/16,15:30,20:00,MK,Slices Box 1,
BFO,16-116B,2,slice,6/24/16,16:30,20:00,MK,Slices Box 1,
BFP,16-116B,3,slice,6/24/16,17:30,20:00,MK,Slices Box 1,
BFQ,16-116B,4,slice,6/24/16,18:30,20:00,MK,Slices Box 1,
BHK,16-116C,1,slice,6/28/16,17:00,17:05,MK,Slices Box 1,
BHL,16-116C,2,slice,6/28/16,17:00,17:05,MK,Slices Box 1,
BHM,16-116C,3,slice,6/28/16,17:00,17:05,MK,Slices Box 1,
BHO,16-116C,4,slice,6/28/16,17:00,17:05,MK,Slices Box 1,
BIJ,16-116D,1,slice,6/29/16,12:45,14:20,MK,Slices Box 1,
BIK,16-116D,2,slice,6/29/16,12:45,14:20,MK,Slices Box 1,
BIL,16-116D,3,slice,6/29/16,12:45,14:20,MK,Slices Box 1,
BIM,16-116D,4,slice,6/29/16,12:45,14:20,MK,Slices Box 1,
BNC,16-117A,1,slice,7/4/16,11:00,12:50,MK,Slices Box 1,"slice 1 mangled, didn't punch ca2, ca3, dg"
BND,16-117A,2,slice,7/4/16,11:00,12:50,MK,Slices Box 1,
BNE,16-117A,3,slice,7/4/16,11:00,12:50,MK,Slices Box 1,
BNF,16-117A,4,slice,7/4/16,11:00,12:50,MK,Slices Box 1,
EDE,16-117A,5,slice,7/4/16,11:00,13:21,MK,Slices Box 2,
ECO2,16-117A,5,CA1,7/4/16,11:00,13:21,MK,Student Punches 1,
ECP,16-117A,5,CA3,7/4/16,11:00,13:21,MK,Student Punches 1,
ECQ,16-117A,5,DG,7/4/16,11:00,13:21,MK,Student Punches 1,
ECR,16-117A,5,CA4,7/4/16,11:00,13:21,MK,Student Punches 1,
BPX,16-117B,1,slice,7/6/16,11:00,11:15,MK,Slices Box 1,
BPY,16-117B,2,slice,7/6/16,11:00,11:15,MK,Slices Box 1,
BPZ,16-117B,3,slice,7/6/16,11:00,11:15,MK,Slices Box 1,
BQA,16-117B,4,slice,7/6/16,11:00,11:15,MK,Slices Box 1,
BOA,16-117C,1,slice,7/5/16,10:40,10:45,MK,Slices Box 1,
BOB,16-117C,2,slice,7/5/16,10:40,10:45,MK,Slices Box 1,
BOC,16-117C,3,slice,7/5/16,10:40,10:45,MK,Slices Box 1,
BOD,16-117C,4,slice,7/5/16,10:40,10:45,MK,Slices Box 1,
BOZ,16-117D,1,slice,7/5/16,18:00,18:01,MK,Slices Box 1,
BPA,16-117D,2,slice,7/5/16,18:00,18:01,MK,Slices Box 1,
BPB,16-117D,3,slice,7/5/16,18:00,18:01,MK,Slices Box 1,
BPC,16-117D,4,slice,7/5/16,18:00,18:01,MK,Slices Box 1,
BRA,16-118A,1,slice,7/7/16,11:00,12:39,MK,Slices Box 1,
BRB,16-118A,2,slice,7/7/16,11:00,12:39,MK,Slices Box 1,
BRC,16-118A,3,slice,7/7/16,11:00,12:39,MK,Slices Box 1,
BRD,16-118A,4,slice,7/7/16,11:00,12:39,MK,Slices Box 1,
BSD,16-118B,1,slice,7/7/16,18:45,18:57,MK,Slices Box 1,
BSE,16-118B,2,slice,7/7/16,18:45,18:57,MK,Slices Box 1,
BSF,16-118B,3,slice,7/7/16,18:45,18:57,MK,Slices Box 1,
BSG,16-118B,4,slice,7/7/16,18:45,18:57,MK,Slices Box 1,
BUA,16-118C,1,slice,7/8/16,18:20,18:59,MK,Slices Box 2,
BUB,16-118C,2,slice,7/8/16,18:20,18:59,MK,Slices Box 2,
BUC,16-118C,3,slice,7/8/16,18:20,18:59,MK,Slices Box 2,
BUD,16-118C,4,slice,7/8/16,18:20,18:59,MK,Slices Box 2,
BTE,16-118D,1,slice,7/8/16,11:55,12:45,MK,Slices Box 2,
BTF,16-118D,2,slice,7/8/16,11:55,12:45,MK,Slices Box 2,
BTG,16-118D,3,slice,7/8/16,11:55,12:45,MK,Slices Box 2,
BTH,16-118D,4,slice,7/8/16,11:55,12:45,MK,Slices Box 2,
CAP,16-119A,1,slice,7/14/16,16:40,17:20,MK,Slice Box 3,
CAQ,16-119A,2,slice,7/14/16,16:40,17:20,MK,Slice Box 3,
CAR,16-119A,3,slice,7/14/16,16:40,17:20,MK,Slice Box 3,
CAS,16-119A,4,slice,7/14/16,16:40,17:20,MK,Slice Box 3,
BZS,16-119B,1,slice,7/14/16,10:15,10:45,MK,Slice Box 3,
BZT,16-119B,2,slice,7/14/16,10:15,10:45,MK,Slice Box 3,
BZU,16-119B,3,slice,7/14/16,10:15,10:45,MK,Slice Box 3,
CBN,16-119C,1,slice,7/15/16,,,MK,Slice Box 3,
CBO,16-119C,2,slice,7/15/16,,,MK,Slice Box 3,
CBP,16-119C,3,slice,7/15/16,,,MK,Slice Box 3,
CBQ,16-119C,4,slice,7/15/16,,,MK,Slice Box 3,
CCK,16-119D,1,slice,7/15/16,,,MK,Slice Box 3,
CCL,16-119D,2,slice,7/15/16,,,MK,Slice Box 3,
CCM,16-119D,3,slice,7/15/16,,,MK,Slice Box 3,
BKF,16-123A,1,slice,7/2/16,12:15,12:28,MK,Slices Box 1,
BKG,16-123A,2,slice,7/2/16,12:15,12:28,MK,Slices Box 1,
BKH,16-123A,3,slice,7/2/16,12:15,12:28,MK,Slices Box 1,
BKI,16-123A,4,slice,7/2/16,12:15,12:28,MK,Slices Box 1,
EBG,16-123A,5,slice,7/3/16,12:15,13:09,MK,Slices Box 2,
EAC,16-123A,5,CA2,7/2/16,12:15,13:09,MK,Student Punches 1,
EAD,16-123A,5,CA3,7/2/16,12:15,13:09,MK,Student Punches 1,
EAE,16-123A,5,CA3,7/2/16,12:15,13:09,MK,Student Punches 1,
EAG,16-123A,5,DG,7/2/16,12:15,13:09,MK,Student Punches 1,
EAA,16-123A,5,CA1,7/2/16,12:15,13:09,MK,Student Punches 1,
EAB,16-123A,5,CA1,7/2/16,12:15,13:09,MK,Student Punches 1,
BJH,16-123B,1,slice,7/1/16,15:20,15:30,MK,Slices Box 1,
BJI,16-123B,2,slice,7/1/16,15:20,15:30,MK,Slices Box 1,
BJJ,16-123B,3,slice,7/1/16,15:20,15:30,MK,Slices Box 1,
BJK,16-123B,4,slice,7/1/16,15:20,15:30,MK,Slices Box 1,
BLE,16-123C,1,slice,7/3/16,12:10,12:24,MK,Slices Box 1,
BLF,16-123C,2,slice,7/3/16,12:10,12:24,MK,Slices Box 1,
BLG,16-123C,3,slice,7/3/16,12:10,12:24,MK,Slices Box 1,
BLH,16-123C,4,slice,7/3/16,12:10,12:24,MK,Slices Box 1,
EBM,16-123C,5,DG,7/3/16,11:00,12:40,MK,Student Punches 1,
EBN,16-123C,5,CA1,7/3/16,11:00,12:40,MK,Student Punches 1,
EBO,16-123C,5,CA2,7/3/16,11:00,12:40,MK,Student Punches 1,
BMD,16-123D,1,slice,7/3/16,23:00,23:05,MK,Slices Box 1,
BME,16-123D,2,slice,7/3/16,23:00,23:05,MK,Slices Box 1,
BMF,16-123D,3,slice,7/3/16,23:00,23:05,MK,Slices Box 1,
BMG,16-123D,4,slice,7/3/16,23:00,23:05,MK,Slices Box 1,
ECN,16-123D,5,slice,7/3/16,23:00,23:30,MK,Slices Box 2,
EBU,16-123D,5,DG,7/3/16,23:00,23:30,MK,Student Punches 1,
EBV,16-123D,5,CA1,7/3/16,23:00,23:30,MK,Student Punches 1,
EBW,16-123D,5,CA3,7/3/16,23:00,23:30,MK,Student Punches 1,
EBX,16-123D,5,CA2,7/3/16,23:00,23:30,MK,Student Punches 1,
BWU,16-124A,1,slice,7/9/16,17:00,17:23,MK,Slices Box 2,
BWV,16-124A,2,slice,7/9/16,17:00,17:23,MK,Slices Box 2,
BWW,16-124A,3,slice,7/9/16,17:00,17:23,MK,Slices Box 2,
BWX,16-124A,4,slice,7/9/16,17:00,17:23,MK,Slices Box 2,
BUY,16-124B,1,slice,7/9/16,21:50,21:59,MK,Slices Box 2,
BUZ,16-124B,2,slice,7/9/16,21:50,21:59,MK,Slices Box 2,
BWA,16-124B,3,slice,7/9/16,21:50,21:59,MK,Slices Box 2,
BWB,16-124B,4,slice,7/9/16,21:50,21:59,MK,Slices Box 2,
BYU,16-124C,1,slice,7/13/16,23:45,0:15,MK,Slice Box 3,
BYV,16-124C,2,slice,7/13/16,23:45,0:15,MK,Slice Box 3,
BYW,16-124C,3,slice,7/13/16,23:45,0:15,MK,Slice Box 3,
BYX,16-124C,4,slice,7/13/16,23:45,0:15,MK,Slice Box 3,
BXT,16-124D,2,slice,7/13/16,10:10,10:30,MK,Slice Box 2,
BXW,16-124D,3,slice,7/13/16,10:10,10:30,MK,Slice Box 2,
BXX,16-124D,4,slice,7/13/16,10:10,10:30,MK,Slice Box 2,
BGL,16-126B,1,slice,6/27/16,11:30,11:34,MK,Slices Box 1,
BGM,16-126B,2,slice,6/27/16,11:30,11:34,MK,Slices Box 1,
BGO,16-126B,3,slice,6/27/16,11:30,11:34,MK,Slices Box 1,
BGP,16-126B,4,slice,6/27/16,11:30,11:34,MK,Slices Box 1,
EGX,16-256,1,DG,7/7/16,14:00,14:45,JMA,Slices Box 1,
EGY,16-256,2,DG,7/7/16,14:00,14:45,JMA,Slices Box 1,
EGZ,16-256,3,DG,7/7/16,14:00,14:45,JMA,Slices Box 1,
EHO,16-256,4,slice,7/7/16,14:00,14:45,JMA,Slices Box 2,
EHP,16-256,3,slice,7/7/16,14:00,14:45,JMA,Slices Box 2,
EHQ,16-256,2,slice,7/7/16,14:00,14:45,JMA,Slices Box 2,
EHR,16-256,1,slice,7/7/16,14:00,14:45,JMA,Slices Box 2,
EGT,16-256,1,CA1,7/7/16,14:00,14:45,JMA,Student Punches 2,
EGU,16-256,2,CA1,7/7/16,14:00,14:45,JMA,Student Punches 2,
EGV,16-256,3,CA1,7/7/16,14:00,14:45,JMA,Student Punches 2,
EGW,16-256,4,CA1,7/7/16,14:00,14:45,JMA,Student Punches 2,
EHA,16-256,4,DG,7/7/16,14:00,14:45,JMA,Student Punches 2,
EHB,16-256,1,CA3,7/7/16,14:00,14:45,JMA,Student Punches 2,
EHC,16-256,2,CA3,7/7/16,14:00,14:45,JMA,Student Punches 2,
EHD,16-256,3,CA3,7/7/16,14:00,14:45,JMA,Student Punches 2,
EHE,16-256,4,CA3,7/7/16,14:00,14:45,JMA,Student Punches 2,
EHF,16-256,1,CA2,7/7/16,14:00,14:45,JMA,Student Punches 2,
EHG,16-256,2,CA2,7/7/16,14:00,14:45,JMA,Student Punches 2,
EHH,16-256,3,CA2,7/7/16,14:00,14:45,JMA,Student Punches 2,
EHI,16-256,4,CA2,7/7/16,14:00,14:45,JMA,Student Punches 2,
EHJ,16-256,1,CA4,7/7/16,14:00,14:45,JMA,Student Punches 2,
EHK,16-256,2,CA4,7/7/16,14:00,14:45,JMA,Student Punches 2,
EHL,16-256,3,CA4,7/7/16,14:00,14:45,JMA,Student Punches 2,
EHM,16-256,4,CA4,7/7/16,14:00,14:45,JMA,Student Punches 2,
EKR,16-256A,1,CA4,7/9/16,19:30,19:46,JMA,Slices Box 2,
EKS,16-256A,2,CA4,7/9/16,17:30,18:00,JMA,Slices Box 2,
EKT,16-256A,3,CA4,7/9/16,17:30,18:00,JMA,Slices Box 2,
EKU,16-256A,4,CA4,7/9/16,17:30,18:00,JMA,Slices Box 2,
ELK,16-256A,1,slice,7/9/16,17:30,18:00,JMA,Slices Box 2,
ELL,16-256A,2,slice,7/9/16,17:30,18:00,JMA,Slices Box 2,
ELM,16-256A,3,slice,7/9/16,17:30,18:00,JMA,Slices Box 2,
ELN,16-256A,4,slice,7/9/16,17:30,18:00,JMA,Slices Box 2,
EKV,16-256A,1,CA2,7/9/16,17:30,18:00,JMA,Student Punches 3,
EKV2,16-256A,2,CA2,7/9/16,17:30,18:00,JMA,Student Punches 3,
EKW,16-256A,3,CA2,7/9/16,17:30,18:00,JMA,Student Punches 3,
EKX,16-256A,4,CA2,7/9/16,17:30,18:00,JMA,Student Punches 3,
EKY,16-256A,1,CA3,7/9/16,17:30,18:00,JMA,Student Punches 3,
EKZ,16-256A,2,CA3,7/9/16,17:30,18:00,JMA,Student Punches 3,
ELA,16-256A,3,CA3,7/9/16,17:30,18:00,JMA,Student Punches 3,
ELB,16-256A,4,CA3,7/9/16,17:30,18:00,JMA,Student Punches 3,
ELC,16-256A,1,CA1,7/9/16,17:30,18:00,JMA,Student Punches 3,
ELD,16-256A,2,CA1,7/9/16,17:30,18:00,JMA,Student Punches 3,
ELE,16-256A,3,CA1,7/9/16,17:30,18:00,JMA,Student Punches 3,
ELF,16-256A,4,CA1,7/9/16,17:30,18:00,JMA,Student Punches 3,
ELG,16-256A,1,DG,7/9/16,17:30,18:00,JMA,Student Punches 3,
ELH,16-256A,2,DG,7/9/16,17:30,18:00,JMA,Student Punches 3,
ELI,16-256A,3,DG,7/9/16,17:30,18:00,JMA,Student Punches 3,
ELJ,16-256A,4,DG,7/9/16,17:30,18:00,JMA,Student Punches 3,
EXM,16-257A,1,slice,7/14/16,20:30,20:50,JMA,Slices Box 3,
EXN,16-257A,2,slice,7/14/16,20:30,20:50,JMA,Slices Box 3,
EXQ,16-257A,3,slice,7/14/16,20:30,20:50,JMA,Slices Box 3,
EXR,16-257A,4,slice,7/14/16,20:30,20:50,JMA,Slices Box 3,
EXC,16-257A,1,CA4,7/14/16,20:30,20:50,JMA,Student Punches 6,
EXD,16-257A,2,DG,7/14/16,20:30,20:50,JMA,Student Punches 6,
EXE,16-257A,1,DG,7/14/16,20:30,20:50,JMA,Student Punches 6,
EXF,16-257A,2,CA4,7/14/16,20:30,20:50,JMA,Student Punches 6,
EXG,16-257A,1,CA3,7/14/16,20:30,20:50,JMA,Student Punches 6,
EXH,16-257A,2,CA3,7/14/16,20:30,20:50,JMA,Student Punches 6,
EXI,16-257A,1,CA1,7/14/16,20:30,20:50,JMA,Student Punches 6,
EXJ,16-257A,2,CA1,7/14/16,20:30,20:50,JMA,Student Punches 6,
EXK,16-257A,1,CA2,7/14/16,20:30,20:50,JMA,Student Punches 6,
EXL,16-257A,2,CA2,7/14/16,20:30,20:50,JMA,Student Punches 6,
EJO,16-259,4,CA2,7/8/16,14:00,14:25,JMA,Slices Box 2,
EJP,16-259,5,CA2,7/8/16,14:00,14:25,JMA,Slices Box 2,
EJQ,16-259,1,slice,7/8/16,14:00,14:25,JMA,Slices Box 2,
EJR,16-259,2,slice,7/8/16,14:00,14:25,JMA,Slices Box 2,
EJS,16-259,3,slice,7/8/16,14:00,14:25,JMA,Slices Box 2,
EJT,16-259,4,slice,7/8/16,14:00,14:25,JMA,Slices Box 2,
EJU,16-259,5,slice,7/8/16,14:00,14:25,JMA,Slices Box 2,
EIR,16-259,1,CA1,7/8/16,14:00,14:25,JMA,Student Punches 3,
EIS,16-259,2,CA1,7/8/16,14:00,14:25,JMA,Student Punches 3,
EIT,16-259,3,CA1,7/8/16,14:00,14:25,JMA,Student Punches 3,
EIU,16-259,4,CA1,7/8/16,14:00,14:25,JMA,Student Punches 3,
EIV,16-259,5,CA1,7/8/16,14:00,14:25,JMA,Student Punches 3,
EIW,16-259,1,CA3,7/8/16,14:00,14:25,JMA,Student Punches 3,
EIX,16-259,2,CA3,7/8/16,14:00,14:25,JMA,Student Punches 3,
EIY,16-259,3,CA3,7/8/16,14:00,14:25,JMA,Student Punches 3,
EIZ,16-259,4,CA3,7/8/16,14:00,14:25,JMA,Student Punches 3,
EJA,16-259,5,CA3,7/8/16,14:00,14:25,JMA,Student Punches 3,
EJB,16-259,1,DG,7/8/16,14:00,14:25,JMA,Student Punches 3,
EJC,16-259,2,DG,7/8/16,14:00,14:25,JMA,Student Punches 3,
EJD,16-259,3,DG,7/8/16,14:00,14:25,JMA,Student Punches 3,
EJE,16-259,4,DG,7/8/16,14:00,14:25,JMA,Student Punches 3,
EJF,16-259,5,DG,7/8/16,14:00,14:25,JMA,Student Punches 3,
EJH,16-259,2,CA4,7/8/16,14:00,14:25,JMA,Student Punches 3,
EJI,16-259,3,CA4,7/8/16,14:00,14:25,JMA,Student Punches 3,
EJJ,16-259,4,CA4,7/8/16,14:00,14:25,JMA,Student Punches 3,
EJK,16-259,5,CA4,7/8/16,14:00,14:25,JMA,Student Punches 3,
EJL,16-259,1,CA2,7/8/16,14:00,14:25,JMA,Student Punches 3,
EJM,16-259,2,CA2,7/8/16,14:00,14:25,JMA,Student Punches 3,
EJN,16-259,3,CA2,7/8/16,14:00,14:25,JMA,Student Punches 3,
EKN,16-259A,1,slice,7/8/16,19:30,19:46,JMA,Slices Box 2,
EKO,16-259A,2,slice,7/8/16,19:30,19:46,JMA,Slices Box 2,
EKP,16-259A,3,slice,7/8/16,19:30,19:46,JMA,Slices Box 2,
EKQ,16-259A,4,slice,7/8/16,19:30,19:46,JMA,Slices Box 2,
EJV,16-259A,1,CA1,7/8/16,19:30,19:46,JMA,Student Punches 3,
EJW,16-259A,2,CA1,7/8/16,19:30,19:46,JMA,Student Punches 3,
EJX,16-259A,3,CA1,7/8/16,19:30,19:46,JMA,Student Punches 3,
EJY,16-259A,4,CA3,7/8/16,19:30,19:46,JMA,Student Punches 3,"took 2nd punch, lost 1st"
EJZ,16-259A,1,CA3,7/8/16,19:30,19:46,JMA,Student Punches 3,
EKA,16-259A,2,CA3,7/8/16,19:30,19:46,JMA,Student Punches 3,
EKB,16-259A,3,CA3,7/8/16,19:30,19:46,JMA,Student Punches 3,
EKC,16-259A,4,CA1,7/8/16,19:30,19:46,JMA,Student Punches 3,
EKD,16-259A,1,DG,7/8/16,19:30,19:46,JMA,Student Punches 3,
EKE,16-259A,2,DG,7/8/16,19:30,19:46,JMA,Student Punches 3,
EKF,16-259A,3,DG,7/8/16,19:30,19:46,JMA,Student Punches 3,not sure its in
EKG,16-259A,4,DG,7/8/16,19:30,19:46,JMA,Student Punches 3,
EKH,16-259A,1,CA2,7/8/16,19:30,19:46,JMA,Student Punches 3,
EKI,16-259A,2,CA2,7/8/16,19:30,19:46,JMA,Student Punches 3,
EKJ,16-259A,3,CA2,7/8/16,19:30,19:46,JMA,Student Punches 3,
EKK,16-259A,4,CA2,7/8/16,19:30,19:46,JMA,Student Punches 3,
EKL,16-259A,3,CA4,7/8/16,19:30,19:46,JMA,Student Punches 3,
EKM,16-259A,4,CA4,7/8/16,19:30,19:46,JMA,Student Punches 3,
EMU,16-259B,3,slice,7/11/16,17:00,18:54,JMA,Slices Box 2,
EMV,16-259B,4,slice,7/11/16,17:00,18:54,JMA,Slices Box 2,
EMW,16-259B,2,slice,7/11/16,17:00,18:54,JMA,Slices Box 2,
EMX,16-259B,1,slice,7/11/16,17:00,18:54,JMA,Slices Box 2,
ENS,16-259B,5,slice,7/11/16,17:00,19:15,JMA,Slices Box 2,
ENT,16-259B,6,slice,7/11/16,17:00,19:15,JMA,Slices Box 2,
ENU,16-259B,7,slice,7/11/16,17:00,19:15,JMA,Slices Box 2,
ENV,16-259B,8,slice,7/11/16,17:00,19:15,JMA,Slices Box 2,
EMY,16-259B,5,DG,7/11/16,17:00,19:15,JMA,Student Punches 3,
EMZ,16-259B,6,DG,7/11/16,17:00,19:15,JMA,Student Punches 3,
ENA,16-259B,7,DG,7/11/16,17:00,19:15,JMA,Student Punches 3,
ENB,16-259B,8,DG,7/11/16,17:00,19:15,JMA,Student Punches 3,
ENC,16-259B,5,CA3,7/11/16,17:00,19:15,JMA,Student Punches 3,
END,16-259B,6,CA3,7/11/16,17:00,19:15,JMA,Student Punches 3,
ENE,16-259B,7,CA3,7/11/16,17:00,19:15,JMA,Student Punches 3,
ENF,16-259B,8,CA3,7/11/16,17:00,19:15,JMA,Student Punches 3,
ENG,16-259B,5,CA1,7/11/16,17:00,19:15,JMA,Student Punches 3,
ENH,16-259B,6,CA1,7/11/16,17:00,19:15,JMA,Student Punches 3,
ENI,16-259B,7,CA1,7/11/16,17:00,19:15,JMA,Student Punches 3,
ENJ,16-259B,8,CA1,7/11/16,17:00,19:15,JMA,Student Punches 3,
ENK,16-259B,5,CA4,7/11/16,17:00,19:15,JMA,Student Punches 3,
ENL,16-259B,6,CA4,7/11/16,17:00,19:15,JMA,Student Punches 3,
ENM,16-259B,7,CA4,7/11/16,17:00,19:15,JMA,Student Punches 3,
ENN,16-259B,8,CA4,7/11/16,17:00,19:15,JMA,Student Punches 3,
ENO,16-259B,5,CA2,7/11/16,17:00,19:15,JMA,Student Punches 3,
ENP,16-259B,6,CA2,7/11/16,17:00,19:15,JMA,Student Punches 3,
ENQ,16-259B,7,CA2,7/11/16,17:00,19:15,JMA,Student Punches 3,
ENR,16-259B,8,CA2,7/11/16,17:00,19:15,JMA,Student Punches 4,
ESK,16-259C,1,slice,7/13/16,11:30,15:05,JMA,Slices Box 2,
ESL,16-259C,2,slice,7/13/16,11:30,15:05,JMA,Slices Box 2,
ESM,16-259C,3,slice,7/13/16,11:30,15:05,JMA,Slices Box 2,
ESN,16-259C,4,slice,7/13/16,11:30,15:05,JMA,Slices Box 2,
ERQ,16-259C,2,DG,7/13/16,11:30,15:05,JMA,Student Punches 5,
ERR,16-259C,1,DG,7/13/16,11:30,15:05,JMA,Student Punches 5,
ERS,16-259C,3,DG,7/13/16,11:30,15:05,JMA,Student Punches 5,
ERT,16-259C,4,DG,7/13/16,11:30,15:05,JMA,Student Punches 5,
ERU,16-259C,1,CA3,7/13/16,11:30,15:05,JMA,Student Punches 5,
ERV,16-259C,2,CA3,7/13/16,11:30,15:05,JMA,Student Punches 5,
ERW,16-259C,3,CA3,7/13/16,11:30,15:05,JMA,Student Punches 5,
ERX,16-259C,4,CA3,7/13/16,11:30,15:05,JMA,Student Punches 5,
ERY,16-259C,2,CA4,7/13/16,11:30,15:05,JMA,Student Punches 5,
ERZ,16-259C,1,CA4,7/13/16,11:30,15:05,JMA,Student Punches 5,
ESA,16-259C,3,CA4,7/13/16,11:30,15:05,JMA,Student Punches 6,
ESB,16-259C,4,CA4,7/13/16,11:30,15:05,JMA,Student Punches 6,
ESC,16-259C,1,CA1,7/13/16,11:30,15:05,JMA,Student Punches 6,
ESD,16-259C,2,CA1,7/13/16,11:30,15:05,JMA,Student Punches 6,
ESE,16-259C,3,CA1,7/13/16,11:30,15:05,JMA,Student Punches 6,
ESF,16-259C,4,CA1,7/13/16,11:30,15:05,JMA,Student Punches 6,
ESG,16-259C,1,CA2,7/13/16,11:30,15:05,JMA,Student Punches 6,
ESH,16-259C,2,CA2,7/13/16,11:30,15:05,JMA,Student Punches 6,
ESI,16-259C,3,CA2,7/13/16,11:30,15:05,JMA,Student Punches 6,
ESJ,16-259C,4,CA2,7/13/16,11:30,15:05,JMA,Student Punches 6,
EHU,16-259D,3,CA3,7/7/16,19:15,19:42,JMA,Slices Box 1,
EIM,16-259D,1,slice,7/7/16,19:15,19:42,JMA,Slices Box 2,
EIN,16-259D,2,slice,7/7/16,19:15,19:42,JMA,Slices Box 2,
EIO,16-259D,3,slice,7/7/16,19:15,19:42,JMA,Slices Box 2,
EIP,16-259D,4,slice,7/7/16,19:15,19:42,JMA,Slices Box 2,
EHV,16-259D,4,CA3,7/7/16,19:15,19:42,JMA,Student Punches 2,
EHW,16-259D,1,DG,7/7/16,19:15,19:42,JMA,Student Punches 2,
EHX,16-259D,2,CA1,7/7/16,19:15,19:42,JMA,Student Punches 3,
EHY,16-259D,3,CA1,7/7/16,19:15,19:42,JMA,Student Punches 3,
EHZ,16-259D,4,CA1,7/7/16,19:15,19:42,JMA,Student Punches 3,"took 2nd punch, lost 1st"
EIA,16-259D,1,CA1,7/7/16,19:15,19:42,JMA,Student Punches 3,
EIB,16-259D,2,DG,7/7/16,19:15,19:42,JMA,Student Punches 3,
EIC,16-259D,3,DG,7/7/16,19:15,19:42,JMA,Student Punches 3,
EID,16-259D,4,DG,7/7/16,19:15,19:42,JMA,Student Punches 3,
EIE,16-259D,1,CA2,7/7/16,19:15,19:42,JMA,Student Punches 3,
EIF,16-259D,2,CA2,7/7/16,19:15,19:42,JMA,Student Punches 3,
EIG,16-259D,3,CA2,7/7/16,19:15,19:42,JMA,Student Punches 3,
EIH,16-259D,4,CA2,7/7/16,19:15,19:42,JMA,Student Punches 3,
EII,16-259D,1,CA4,7/7/16,19:15,19:42,JMA,Student Punches 3,
EIJ,16-259D,2,CA4,7/7/16,19:15,19:42,JMA,Student Punches 3,
EIK,16-259D,3,CA4,7/7/16,19:15,19:42,JMA,Student Punches 3,
EIL,16-259D,4,CA4,7/7/16,19:15,19:42,JMA,Student Punches 3,
EHS,16-259D,1,CA3,7/7/16,19:15,19:42,JMA,,
EHT,16-259D,2,CA3,7/7/16,19:15,19:42,JMA,,
EZG,16-260,1,slice,7/15/16,15:00,15:20,JMA,Slices Box 3,
EZH,16-260,2,slice,7/15/16,15:00,15:20,JMA,Slices Box 3,
EZI,16-260,345,slice,7/15/16,15:00,15:20,JMA,Slices Box 3,
EYR,16-260,1,CA3,7/15/16,15:00,15:20,JMA,Student Punches 7,
EYS,16-260,2,CA3,7/15/16,15:00,15:20,JMA,Student Punches 7,
EYV,16-260,2,CA1,7/15/16,15:00,15:20,JMA,Student Punches 7,
EYW,16-260,3,CA1,7/15/16,15:00,15:20,JMA,Student Punches 7,
EYX,16-260,4,CA1,7/15/16,15:00,15:20,JMA,Student Punches 7,
EYY,16-260,5,CA1,7/15/16,15:00,15:20,JMA,Student Punches 7,
EYZ,16-260,1,CA1,7/15/16,15:00,15:20,JMA,Student Punches 7,
EZA,16-260,1,CA2,7/15/16,15:00,15:20,JMA,Student Punches 7,
EZB,16-260,2,CA2,7/15/16,15:00,15:20,JMA,Student Punches 7,
EZC,16-260,1,DG,7/15/16,15:00,15:20,JMA,Student Punches 7,
EZD,16-260,2,DG,7/15/16,15:00,15:20,JMA,Student Punches 7,
EZE,16-260,1,CA4,7/15/16,15:00,15:20,JMA,Student Punches 7,
EZF,16-260,2,CA4,7/15/16,15:00,15:20,JMA,Student Punches 7,
EWZ,16-260A,1,slice,7/14/16,17:40,18:15,JMA,Slices Box 3,
EXA,16-260A,2,slice,7/14/16,17:40,18:15,JMA,Slices Box 3,
EXB,16-260A,3,slice,7/14/16,17:40,18:15,JMA,Slices Box 3,
EWL,16-260A,1,DG,7/14/16,17:40,18:15,JMA,Student Punches 6,
EWM,16-260A,2,DG,7/14/16,17:40,18:15,JMA,Student Punches 6,
EWN,16-260A,3,DG,7/14/16,17:40,18:15,JMA,Student Punches 6,
EWO,16-260A,1,CA3,7/14/16,17:40,18:15,JMA,Student Punches 6,
EWP,16-260A,2,CA3,7/14/16,17:40,18:15,JMA,Student Punches 6,
EWQ,16-260A,3,CA3,7/14/16,17:40,18:15,JMA,Student Punches 6,
EWR,16-260A,1,CA1,7/14/16,17:40,18:15,JMA,Student Punches 6,
EWS,16-260A,2,CA1,7/14/16,17:40,18:15,JMA,Student Punches 6,
EWT,16-260A,3,CA1,7/14/16,17:40,18:15,JMA,Student Punches 6,
EWU,16-260A,1,CA2,7/14/16,17:40,18:15,JMA,Student Punches 6,
EWV,16-260A,2,CA2,7/14/16,17:40,18:15,JMA,Student Punches 6,
EWW,16-260A,1,CA4,7/14/16,17:40,18:15,JMA,Student Punches 6,
EWX,16-260A,2,CA4,7/14/16,17:40,18:15,JMA,Student Punches 6,
EWY,16-260A,3,CA4,7/14/16,17:40,18:15,JMA,Student Punches 6,
EOV,16-260C,2,slice,7/11/16,16:15,19:43,JMA,Slices Box 2,
EOW,16-260C,4,slice,7/11/16,16:15,19:43,JMA,Slices Box 2,
ENW,16-260C,1,CA3,7/11/16,16:15,19:43,JMA,Student Punches 4,
ENX,16-260C,2,CA3,7/11/16,16:15,19:43,JMA,Student Punches 4,
ENY,16-260C,3,CA3,7/11/16,16:15,19:43,JMA,Student Punches 4,
ENZ,16-260C,4,CA3,7/11/16,16:15,19:43,JMA,Student Punches 4,
EOA,16-260C,5,CA3,7/11/16,16:15,19:43,JMA,Student Punches 4,
EOB,16-260C,1,CA1,7/11/16,16:15,19:43,JMA,Student Punches 4,
EOC,16-260C,2,CA1,7/11/16,16:15,19:43,JMA,Student Punches 4,
EOD,16-260C,3,CA1,7/11/16,16:15,19:43,JMA,Student Punches 4,
EOE,16-260C,4,CA1,7/11/16,16:15,19:43,JMA,Student Punches 4,
EOF,16-260C,5,CA1,7/11/16,16:15,19:43,JMA,Student Punches 4,
EOG,16-260C,1,DG,7/11/16,16:15,19:43,JMA,Student Punches 4,
EOH,16-260C,2,DG,7/11/16,16:15,19:43,JMA,Student Punches 4,
EOI,16-260C,3,DG,7/11/16,16:15,19:43,JMA,Student Punches 4,
EOJ,16-260C,4,DG,7/11/16,16:15,19:43,JMA,Student Punches 4,
EOK,16-260C,5,DG,7/11/16,16:15,19:43,JMA,Student Punches 4,
EOL,16-260C,1,CA2,7/11/16,16:15,19:43,JMA,Student Punches 4,
EOM,16-260C,2,CA2,7/11/16,16:15,19:43,JMA,Student Punches 4,
EON,16-260C,3,CA2,7/11/16,16:15,19:43,JMA,Student Punches 4,
EOO,16-260C,4,CA2,7/11/16,16:15,19:43,JMA,Student Punches 4,
EOP,16-260C,5,CA2,7/11/16,16:15,19:43,JMA,Student Punches 4,
EOQ,16-260C,1,CA4,7/11/16,16:15,19:43,JMA,Student Punches 4,
EOR,16-260C,2,CA4,7/11/16,16:15,19:43,JMA,Student Punches 4,
EOS,16-260C,3,CA4,7/11/16,16:15,19:43,JMA,Student Punches 4,
EOT,16-260C,4,CA4,7/11/16,16:15,19:43,JMA,Student Punches 4,
EOU,16-260C,5,CA4,7/11/16,16:15,19:43,JMA,Student Punches 4,
EWG,16-261B,1,slice,7/13/16,17:30,19:50,JMA,Slices Box 2,mushy brain
EWH,16-261B,2,slice,7/13/16,17:30,19:50,JMA,Slices Box 2,mushy brain
EWI,16-261B,3,slice,7/13/16,17:30,19:50,JMA,Slices Box 3,mushy brain
EWJ,16-261B,4,slice,7/13/16,17:30,19:50,JMA,Slices Box 3,mushy brain
EWK,16-261B,5,slice,7/13/16,17:30,19:50,JMA,Slices Box 3,mushy brain
ETR,16-261B,3,CA1,7/13/16,17:30,19:50,JMA,Student Punches 6,mushy brain
ETS,16-261B,4,CA1,7/13/16,17:30,19:50,JMA,Student Punches 6,mushy brain
ETT,16-261B,5,CA1,7/13/16,17:30,19:50,JMA,Student Punches 6,mushy brain
ETU,16-261B,3,CA3,7/13/16,17:30,19:50,JMA,Student Punches 6,mushy brain
ETV,16-261B,4,CA3,7/13/16,17:30,19:50,JMA,Student Punches 6,mushy brain
ETW,16-261B,5,CA3,7/13/16,17:30,19:50,JMA,Student Punches 6,mushy brain
ETX,16-261B,3,CA4,7/13/16,17:30,19:50,JMA,Student Punches 6,mushy brain
ETY,16-261B,4,CA4,7/13/16,17:30,19:50,JMA,Student Punches 6,mushy brain
ETZ,16-261B,5,CA4,7/13/16,17:30,19:50,JMA,Student Punches 6,mushy brain
EWA,16-261B,4,CA2,7/13/16,17:30,19:50,JMA,Student Punches 6,mushy brain
EWB,16-261B,3,CA2,7/13/16,17:30,19:50,JMA,Student Punches 6,mushy brain
EWC,16-261B,5,CA2,7/13/16,17:30,19:50,JMA,Student Punches 6,mushy brain
EWD,16-261B,3,DG,7/13/16,17:30,19:50,JMA,Student Punches 6,mushy brain
EWE,16-261B,5,DG,7/13/16,17:30,19:50,JMA,Student Punches 6,mushy brain
EFQ,16-264B,1,CA4,7/6/16,13:45,14:20,JMA,Slices Box 1,
EFW,16-264B,1,slice,7/6/16,13:45,14:20,JMA,Slices Box 2,
EFX,16-264B,2,slice,7/6/16,13:45,14:20,JMA,Slices Box 2,
EFY,16-264B,3,slice,7/6/16,13:45,14:20,JMA,Slices Box 2,
EFH,16-264B,1,CA1,7/6/16,13:45,14:20,JMA,Student Punches 1,
EFI,16-264B,2,CA1,7/6/16,13:45,14:20,JMA,Student Punches 1,
EFJ,16-264B,3,CA1,7/6/16,13:45,14:20,JMA,Student Punches 1,
EFK,16-264B,1,DG,7/6/16,13:45,14:20,JMA,Student Punches 1,
EFL,16-264B,2,DG,7/6/16,13:45,14:20,JMA,Student Punches 1,
EFM,16-264B,3,DG,7/6/16,13:45,14:20,JMA,Student Punches 1,
EFN,16-264B,1,CA3,7/6/16,13:45,14:20,JMA,Student Punches 1,
EFO,16-264B,2,CA3,7/6/16,13:45,14:20,JMA,Student Punches 1,
EFR,16-264B,2,CA4,7/6/16,13:45,14:20,JMA,Student Punches 1,
EFS,16-264B,3,CA4,7/6/16,13:45,14:20,JMA,Student Punches 1,
EFT,16-264B,1,CA2,7/6/16,13:45,14:20,JMA,Student Punches 2,
EFU,16-264B,2,CA2,7/6/16,13:45,14:20,JMA,Student Punches 2,
EFV,16-264B,3,CA2,7/6/16,13:45,14:20,JMA,Student Punches 2,
EGA,16-264B,3,CA3,7/6/16,13:45,14:20,JMA,Student Punches 2,
EGI,16-264C,2,CA3,7/6/16,17:50,18:00,JMA,Slices Box 1,
EGQ,16-264C,1,slice,7/6/16,17:50,18:00,JMA,Slices Box 2,
EGR,16-264C,2,slice,7/7/16,17:50,18:00,JMA,Slices Box 2,
EGS,16-264C,3,slice,7/7/16,17:50,18:00,JMA,Slices Box 2,
EFZ,16-264C,1,CA1,7/6/16,17:50,18:00,JMA,Student Punches 2,
EGB,16-264C,2,CA1,7/6/16,17:50,18:00,JMA,Student Punches 2,
EGC,16-264C,3,CA1,7/6/16,17:50,18:00,JMA,Student Punches 2,
EGD,16-264C,1,DG,7/6/16,17:50,18:00,JMA,Student Punches 2,
EGE,16-264C,2,DG,7/6/16,17:50,18:00,JMA,Student Punches 2,
EGF,16-264C,3,DG,7/6/16,17:50,18:00,JMA,Student Punches 2,
EGH,16-264C,1,CA3,7/6/16,17:50,18:00,JMA,Student Punches 2,
EGJ,16-264C,3,CA3,7/6/16,17:50,18:00,JMA,Student Punches 2,
EGK,16-264C,1,CA2,7/6/16,17:50,18:00,JMA,Student Punches 2,
EGL,16-264C,2,CA2,7/6/16,17:50,18:00,JMA,Student Punches 2,
EGM,16-264C,3,CA2,7/6/16,17:50,18:00,JMA,Student Punches 2,
EGN,16-264C,1,CA4,7/6/16,17:50,18:00,JMA,Student Punches 2,
EGO,16-264C,2,CA4,7/6/16,17:50,18:00,JMA,Student Punches 2,
EGP,16-264C,3,CA4,7/6/16,17:50,18:00,JMA,Student Punches 2,
EYN,16-265C,1,slice,7/14/16,20:30,20:50,JMA,Slices Box 3,
EYO,16-265C,2,slice,7/14/16,20:30,20:50,JMA,Slices Box 3,
EYP,16-265C,3,slice,7/14/16,20:30,20:50,JMA,Slices Box 3,
EYQ,16-265C,4,slice,7/14/16,20:30,20:50,JMA,Slices Box 3,
EXS,16-265C,1,DG,7/14/16,20:30,20:50,JMA,Student Punches 6,
EXT,16-265C,2,DG,7/14/16,20:30,20:50,JMA,Student Punches 6,
EXU,16-265C,3,DG,7/14/16,20:30,20:50,JMA,Student Punches 6,
EXV,16-265C,4,DG,7/14/16,20:30,20:50,JMA,Student Punches 6,
EXW,16-265C,1,CA3,7/14/16,20:30,20:50,JMA,Student Punches 6,
EXY,16-265C,2,CA3,7/14/16,20:30,20:50,JMA,Student Punches 6,
EXZ,16-265C,3,CA3,7/14/16,20:30,20:50,JMA,Student Punches 7,
EYA,16-265C,4,CA3,7/14/16,20:30,20:50,JMA,Student Punches 7,
EYB,16-265C,1,CA1,7/14/16,20:30,20:50,JMA,Student Punches 7,
EYC,16-265C,2,CA1,7/14/16,20:30,20:50,JMA,Student Punches 7,
EYD,16-265C,3,CA1,7/14/16,20:30,20:50,JMA,Student Punches 7,
EYE,16-265C,4,CA1,7/14/16,20:30,20:50,JMA,Student Punches 7,
EYF,16-265C,1,CA2,7/14/16,20:30,20:50,JMA,Student Punches 7,
EYG,16-265C,2,CA2,7/14/16,20:30,20:50,JMA,Student Punches 7,
EYH,16-265C,3,CA4,7/14/16,20:30,20:50,JMA,Student Punches 7,
EYI,16-265C,4,CA2,7/14/16,20:30,20:50,JMA,Student Punches 7,
EYJ,16-265C,2,CA4,7/14/16,20:30,20:50,JMA,Student Punches 7,
EYK,16-265C,1,CA4,7/14/16,20:30,20:50,JMA,Student Punches 7,
EYL,16-265C,3,CA2,7/14/16,20:30,20:50,JMA,Student Punches 7,
EYM,16-265C,4,CA4,7/14/16,20:30,20:50,JMA,Student Punches 7,
EPO,16-266B,1,slice,7/12/16,13:45,15:25,JMA,Slices Box 2,
EPQ,16-266B,2,slice,7/12/16,13:45,15:25,JMA,Slices Box 2,
EPR,16-266B,3,slice,7/12/16,13:45,15:25,JMA,Slices Box 2,
EPS,16-266B,4,slice,7/12/16,13:45,15:25,JMA,Slices Box 2,
EPT,16-266B,5,slice,7/12/16,13:45,15:25,JMA,Slices Box 2,
EOZ,16-266B,3,CA1,7/12/16,13:45,15:25,JMA,Student Punches 4,
EPA,16-266B,4,CA1,7/12/16,13:45,15:25,JMA,Student Punches 4,
EPB,16-266B,5,CA1,7/12/16,13:45,15:25,JMA,Student Punches 4,
EPC,16-266B,3,CA3,7/12/16,13:45,15:25,JMA,Student Punches 4,
EPD,16-266B,4,CA3,7/12/16,13:45,15:25,JMA,Student Punches 4,
EPE,16-266B,5,CA3,7/12/16,13:45,15:25,JMA,Student Punches 4,
EPF,16-266B,3,CA4,7/12/16,13:45,15:25,JMA,Student Punches 4,
EPG,16-266B,4,CA4,7/12/16,13:45,15:25,JMA,Student Punches 4,
EPH,16-266B,5,CA4,7/12/16,13:45,15:25,JMA,Student Punches 4,
EPI,16-266B,3,DG,7/12/16,13:45,15:25,JMA,Student Punches 4,
EPJ,16-266B,4,DG,7/12/16,13:45,15:25,JMA,Student Punches 4,
EPK,16-266B,5,CA2,7/12/16,13:45,15:25,JMA,Student Punches 4,
EPL,16-266B,3,CA2,7/12/16,13:45,15:25,JMA,Student Punches 4,
EPM,16-266B,4,CA2,7/12/16,13:45,15:25,JMA,Student Punches 4,
EPN,16-266B,5,DG,7/12/16,13:45,15:25,JMA,Student Punches 4,
EQO,16-266C,1,slice,7/12/16,13:45,16:00,JMA,Slices Box 2,
EQP,16-266C,4,slice,7/12/16,13:45,16:00,JMA,Slices Box 2,
EQQ,16-266C,2,slice,7/12/16,13:45,16:00,JMA,Slices Box 2,
EQR,16-266C,3,slice,7/12/16,13:45,16:00,JMA,Slices Box 2,
EPU,16-266C,1,CA3,7/12/16,13:45,16:00,JMA,Student Punches 4,
EPV,16-266C,2,CA3,7/12/16,13:45,16:00,JMA,Student Punches 4,
EPW,16-266C,3,CA3,7/12/16,13:45,16:00,JMA,Student Punches 4,
EPX,16-266C,4,CA3,7/12/16,13:45,16:00,JMA,Student Punches 4,
EPY,16-266C,1,CA1,7/12/16,13:45,16:00,JMA,Student Punches 4,
EPZ,16-266C,4,CA1,7/12/16,13:45,16:00,JMA,Student Punches 4,
EQA,16-266C,2,CA1,7/12/16,13:45,16:00,JMA,Student Punches 4,
EQB,16-266C,3,CA1,7/12/16,13:45,16:00,JMA,Student Punches 4,
EQC,16-266C,1,DG,7/12/16,13:45,16:00,JMA,Student Punches 4,
EQD,16-266C,4,DG,7/12/16,13:45,16:00,JMA,Student Punches 4,
EQE,16-266C,2,DG,7/12/16,13:45,16:00,JMA,Student Punches 4,
EQF,16-266C,3,DG,7/12/16,13:45,16:00,JMA,Student Punches 4,
EQG,16-266C,1,CA4,7/12/16,13:45,16:00,JMA,Student Punches 4,
EQH,16-266C,4,CA2,7/12/16,13:45,16:00,JMA,Student Punches 4,
EQI,16-266C,2,CA2,7/12/16,13:45,16:00,JMA,Student Punches 4,
EQJ,16-266C,3,CA2,7/12/16,13:45,16:00,JMA,Student Punches 4,
EQK,16-266C,1,CA2,7/12/16,13:45,16:00,JMA,Student Punches 4,
EQL,16-266C,4,CA4,7/12/16,13:45,16:00,JMA,Student Punches 4,
EQM,16-266C,2,CA4,7/12/16,13:45,16:00,JMA,Student Punches 4,
EQN,16-266C,3,CA4,7/12/16,13:45,16:00,JMA,Student Punches 4,
ELO,16-266D,1,CA4,7/10/16,17:00,17:30,JMA,Slices Box 2,
ELP,16-266D,2,CA4,7/10/16,17:00,17:30,JMA,Slices Box 2,
EMI,16-266D,4,slice,7/10/16,17:00,17:30,JMA,Slices Box 2,
EMJ,16-266D,1,slice,7/10/16,17:00,17:30,JMA,Slices Box 2,
EMK,16-266D,3,slice,7/10/16,17:00,17:30,JMA,Slices Box 2,
EML,16-266D,2,slice,7/10/16,17:00,17:30,JMA,Slices Box 2,
ELQ,16-266D,3,DG,7/10/16,17:00,17:30,JMA,Student Punches 3,
ELR,16-266D,4,CA4,7/10/16,17:00,17:30,JMA,Student Punches 3,
ELS,16-266D,1,DG,7/10/16,17:00,17:30,JMA,Student Punches 3,
ELT,16-266D,2,DG,7/10/16,17:00,17:30,JMA,Student Punches 3,
ELU,16-266D,3,CA4,7/10/16,17:00,17:30,JMA,Student Punches 3,
ELV,16-266D,4,DG,7/10/16,17:00,17:30,JMA,Student Punches 3,
ELW,16-266D,1,CA1,7/10/16,17:00,17:30,JMA,Student Punches 3,
ELX,16-266D,2,CA1,7/10/16,17:00,17:30,JMA,Student Punches 3,
ELY,16-266D,3,CA1,7/10/16,17:00,17:30,JMA,Student Punches 3,
ELZ,16-266D,4,CA1,7/10/16,17:00,17:30,JMA,Student Punches 3,
EMA,16-266D,1,CA3,7/10/16,17:00,17:30,JMA,Student Punches 3,
EMB,16-266D,2,CA3,7/10/16,17:00,17:30,JMA,Student Punches 3,
EMC,16-266D,3,CA3,7/10/16,17:00,17:30,JMA,Student Punches 3,
EMD,16-266D,4,CA3,7/10/16,17:00,17:30,JMA,Student Punches 3,
EME,16-266D,1,CA2,7/10/16,17:00,17:30,JMA,Student Punches 3,
EMF,16-266D,2,CA2,7/10/16,17:00,17:30,JMA,Student Punches 3,
EMG,16-266D,3,CA2,7/10/16,17:00,17:30,JMA,Student Punches 3,
EMH,16-266D,4,CA2,7/10/16,17:00,17:30,JMA,Student Punches 3,
ETM,16-267A,1,slice,7/13/16,17:00,17:20,JMA,Slices Box 2,
ETN,16-267A,2,slice,7/13/16,17:00,17:20,JMA,Slices Box 2,
ETO,16-267A,3,slice,7/13/16,17:00,17:20,JMA,Slices Box 2,
ESX,16-267A,1,CA3,7/13/16,17:00,17:20,JMA,Student Punches 6,
ESY,16-267A,2,CA3,7/13/16,17:00,17:20,JMA,Student Punches 6,
ESZ,16-267A,3,CA3,7/13/16,17:00,17:20,JMA,Student Punches 6,
ETA,16-267A,1,CA1,7/13/16,17:00,17:20,JMA,Student Punches 6,
ETB,16-267A,2,CA1,7/13/16,17:00,17:20,JMA,Student Punches 6,
ETC,16-267A,3,CA1,7/13/16,17:00,17:20,JMA,Student Punches 6,
ETD,16-267A,1,DG,7/13/16,17:00,17:20,JMA,Student Punches 6,
ETE,16-267A,2,DG,7/13/16,17:00,17:20,JMA,Student Punches 6,
ETF,16-267A,3,DG,7/13/16,17:00,17:20,JMA,Student Punches 6,
ETG,16-267A,1,CA2,7/13/16,17:00,17:20,JMA,Student Punches 6,
ETH,16-267A,2,CA2,7/13/16,17:00,17:20,JMA,Student Punches 6,
ETI,16-267A,3,CA2,7/13/16,17:00,17:20,JMA,Student Punches 6,
ETJ,16-267A,1,CA4,7/13/16,17:00,17:20,JMA,Student Punches 6,
ETK,16-267A,2,CA4,7/13/16,17:00,17:20,JMA,Student Punches 6,
ETL,16-267A,3,CA4,7/13/16,17:00,17:20,JMA,Student Punches 6,
FAE,16-267B,1,slice,7/15/16,16:00,16:46,JMA,Slices Box 3,
FAF,16-267B,2,slice,7/15/16,16:00,16:46,JMA,Slices Box 3,
FAG,16-267B,3,slice,7/15/16,16:00,16:46,JMA,Slices Box 3,
FAH,16-267B,4,slice,7/15/16,16:00,16:46,JMA,Slices Box 3,
EZJ,16-267B,1,CA4,7/15/16,16:00,16:46,JMA,Student Punches 7,
EZK,16-267B,2,CA4,7/15/16,16:00,16:46,JMA,Student Punches 7,
EZL,16-267B,3,DG,7/15/16,16:00,16:46,JMA,Student Punches 7,
EZM,16-267B,4,CA4,7/15/16,16:00,16:46,JMA,Student Punches 7,
EZN,16-267B,1,DG,7/15/16,16:00,16:46,JMA,Student Punches 7,
EZO,16-267B,2,DG,7/15/16,16:00,16:46,JMA,Student Punches 7,
EZP,16-267B,3,CA4,7/15/16,16:00,16:46,JMA,Student Punches 7,
EZQ,16-267B,4,DG,7/15/16,16:00,16:46,JMA,Student Punches 7,
EZR,16-267B,1,CA3,7/15/16,16:00,16:46,JMA,Student Punches 7,
EZS,16-267B,2,CA3,7/15/16,16:00,16:46,JMA,Student Punches 7,
EZT,16-267B,3,CA3,7/15/16,16:00,16:46,JMA,Student Punches 7,
EZU,16-267B,4,CA3,7/15/16,16:00,16:46,JMA,Student Punches 7,
EZV,16-267B,1,CA1,7/15/16,16:00,16:46,JMA,Student Punches 7,
EZW,16-267B,2,CA1,7/15/16,16:00,16:46,JMA,Student Punches 7,
EZX,16-267B,3,CA1,7/15/16,16:00,16:46,JMA,Student Punches 7,
EZY,16-267B,4,CA1,7/15/16,16:00,16:46,JMA,Student Punches 7,
FAA,16-267B,1,CA2,7/15/16,16:00,16:46,JMA,Student Punches 7,
FAB,16-267B,2,CA2,7/15/16,16:00,16:46,JMA,Student Punches 7,
FAC,16-267B,3,CA2,7/15/16,16:00,16:46,JMA,Student Punches 7,
FAD,16-267B,4,CA2,7/15/16,16:00,16:46,JMA,Student Punches 7,
ERM,16-268B,1,slice,7/13/16,12:15,14:00,JMA,Slices Box 2,
ERN,16-268B,2,slice,7/13/16,12:15,14:00,JMA,Slices Box 2,
ERO,16-268B,3,slice,7/13/16,12:15,14:00,JMA,Slices Box 2,
ERP,16-268B,4,slice,7/13/16,12:15,14:00,JMA,Slices Box 2,
EQS,16-268B,1,CA3,7/13/16,12:15,14:00,JMA,Student Punches 4,
EQT,16-268B,2,CA3,7/13/16,12:15,14:00,JMA,Student Punches 5,
EQU,16-268B,3,CA3,7/13/16,12:15,14:00,JMA,Student Punches 5,
EQV,16-268B,4,CA3,7/13/16,12:15,14:00,JMA,Student Punches 5,
EQW,16-268B,1,CA1,7/13/16,12:15,14:00,JMA,Student Punches 5,
EQX,16-268B,2,CA1,7/13/16,12:15,14:00,JMA,Student Punches 5,
EQY,16-268B,3,CA1,7/13/16,12:15,14:00,JMA,Student Punches 5,
EQZ,16-268B,4,CA1,7/13/16,12:15,14:00,JMA,Student Punches 5,
ERA,16-268B,1,DG,7/13/16,12:15,14:00,JMA,Student Punches 5,
ERB,16-268B,2,DG,7/13/16,12:15,14:00,JMA,Student Punches 5,
ERC,16-268B,3,CA4,7/13/16,12:15,14:00,JMA,Student Punches 5,
ERD,16-268B,4,DG,7/13/16,12:15,14:00,JMA,Student Punches 5,
ERE,16-268B,1,CA4,7/13/16,12:15,14:00,JMA,Student Punches 5,
ERF,16-268B,2,CA4,7/13/16,12:15,14:00,JMA,Student Punches 5,
ERG,16-268B,3,DG,7/13/16,12:15,14:00,JMA,Student Punches 5,
ERH,16-268B,4,CA4,7/13/16,12:15,14:00,JMA,Student Punches 5,
ERI,16-268B,1,CA2,7/13/16,12:15,14:00,JMA,Student Punches 5,
ERJ,16-268B,2,CA2,7/13/16,12:15,14:00,JMA,Student Punches 5,
ERK,16-268B,3,CA2,7/13/16,12:15,14:00,JMA,Student Punches 5,
ERL,16-268B,4,CA2,7/13/16,12:15,14:00,JMA,Student Punches 5,